	ArticleNo	RawParagraph	Prediction
865	1.0	"Νομική Μορφή Σφραγίδα Έδρα
1. Το Ινστιτούτο Κοινωνικής Προστασίας και Αλληλεγγύης (Ι.Κ.Π.Α.) που ιδρύθηκε με τις διατάξεις του άρθρου 
7 του ν. 3106/2003 και μετονομάστηκε με το του ν.3370/2005 αποτελεί Νομικό Πρόσωπο Δημοσίου 
Δικαίου (Ν.Π.Δ.Δ.), το οποίο τελεί υπό την εποπτεία και 
τον έλεγχο του Υπουργείου Υγείας και Κοινωνικής Αλληλεγγύης."	RespA
866	1.0	2. Έδρα του Ι.Κ.Π.Α. είναι η Αθήνα.	Org
867	1.0	"3. Το Ι.Κ.Π.Α. έχει στρογγυλή σφραγίδα, στην οποία 
αναγράφονται σε επάλληλους και ομόκεντρους κύκλους 
οι λέξεις: «ΕΛΛΗΝΙΚΗ ΔΗΜΟΚΡΑΤΙΑ – Υπουργείο Υγείας και Κοινωνικής Αλληλεγγύης – Ινστιτούτο Κοινωνικής Προστασίας και Αλληλεγγύης – Ν.Π.Δ.Δ.» και στο 
κέντρο φέρει το ΕΘΝΟΣΗΜΟ."	Org
868	2.0	"Σκοπός 
Σκοπός του Ι.Κ.Π.Α. είναι η βοήθεια του Υπουργείου 
Υγείας και Κοινωνικής Αλληλεγγύης στη χάραξη πολιτικών στον τομέα της Πρόνοιας. Ειδικότερα το Ι.Κ.Π.Α.:"	Org
869	2.0	α) Προωθεί το δημόσιο διάλογο για ζητήματα κοινωνικής φροντίδας.	RespA
870	2.0	"β) Γνωμοδοτεί για κάθε θέμα πολιτικής που παραπέμπεται σε αυτό από το Υπουργείο Υγείας και Κοινωνικής Αλληλεγγύης και εισηγείται μέτρα για την πραγματοποίηση των προγραμματικών στόχων στον τομέα 
της κοινωνικής φροντίδας."	RespA
871	2.0	"γ) Εισηγείται μέτρα και ενέργειες για τη βελτίωση της 
αποτελεσματικότητας και αποδοτικότητας των υπηρεσιών που παρέχονται από τους φορείς κοινωνικής φροντίδας, το συντονισμό των σχετικών δράσεων και την 
τεκμηρίωσή τους."	RespA
872	2.0	"δ) Γνωμοδοτεί στα αρμόδια όργανα, αναφορικά με τη 
χορήγηση της ειδικής πιστοποίησης που προβλέπεται 
στις διατάξεις του άρθρου 5 του ν.2646/1998, και το χαρακτηρισμό προγραμμάτων ως καινοτόμων, σύμφωνα 
με τις διατάξεις του άρθρου 15 του ίδιου νόμου."	RespA
873	2.0	"ε) Εισηγείται στα αρμόδια όργανα, αναφορικά με προγράμματα επιμόρφωσης εκπαιδευτών εθελοντών, που 
πραγματοποιούνται από τις εθελοντικές οργανώσεις 
του άρθρου 12 του ν.2646/1998 και τα οποία είναι σχετικά με τους σκοπούς και τους στόχους των Εθνικών 
Προγραμμάτων."	RespA
874	2.0	"στ) Γνωμοδοτεί στα αρμόδια όργανα για το περιεχόμενο των Εθνικών Προγραμμάτων σύμφωνα με τις 
διατάξεις του άρθρου 2 του ν.2646/1998 και για την 
ανάπτυξη της έρευνας στον τομέα της κοινωνικής φροντίδας σύμφωνα με τις διατάξεις του άρθρου 16 του 
ίδιου νόμου."	RespA
875	2.0	"ζ) Μελετά, εκπονεί και εφαρμόζει εκπαιδευτικά προγράμματα στο χώρο της πρόνοιας και της οικοτεχνίας
η) Αναπτύσσει την επιστημονική έρευνα στο χώρο της 
πρόνοιας και εκτελεί ερευνητικά έργα στο πλαίσιο των 
προτεραιοτήτων της πολιτικής που καθορίζει το Υπουργείο Υγείας και Κοινωνικής Αλληλεγγύης."	RespA
876	2.0	"θ) Τηρεί το Εθνικό Μητρώο Υιοθεσιών και το Εθνικό Μητρώο Αναδόχων Ανηλίκων και διαφυλάσσει τον 
απόρρητο χαρακτήρα τους."	RespA
877	2.0	"ι) Ασκεί τις αρμοδιότητες που ανήκαν στον Εθνικό 
Οργανισμό Κοινωνικής Φροντίδας (Ε.Ο.Κ.Φ.) σχετικά με 
την ταπητουργία, κιλιμοποιϊα, εργαστήρια και γενικά τις 
υπηρεσίες οικοτεχνίας του Εθνικού Οργανισμού Πρόνοιας (Ε.Ο.Π.), μαζί με τα παραρτήματά τους σε όλη τη 
χώρα, που παρέμειναν στην αρμοδιότητα του Ε.Ο.Κ.Φ., 
κατ’ εφαρμογή των διατάξεων της παρ. 1.γ του άρθρου 
7 του ν. 2646/1998."	RespA
878	2.0	"ια) Αναλαμβάνει μελέτες αξιολόγησης, μετά από συνεργασία και με το Υπουργείο Υγείας και Κοινωνικής 
Αλληλεγγύης πολιτικών, εθνικών προγραμμάτων και καινοτόμων προγραμμάτων."	RespA
879	2.0	"ιβ) Διαχειρίζεται το 5% του συνολικού ετήσιου καθαρού προϊόντος του κρατικού λαχείου κοινωνικής αντίληψης για την ανάπτυξη της επιστημονικής έρευνας στον 
τομέα της κοινωνικής φροντίδας που προβλέπεται στο 
άρθρο 16 του ν. 2646/1998."	RespA
880	2.0	"ιγ) Τηρεί το Εθνικό Μητρώο Ατόμων με Αναπηρίες που 
έχουν ανάγκη των υπηρεσιών κοινωνικής φροντίδας και 
διαφυλάσσει τον απόρρητο χαρακτήρα του."	RespA
881	2.0	"ιδ) Λειτουργεί, συντηρεί και αναπτύσσει τον Εθνικό 
Χάρτη Πρόνοιας."	RespA
882	2.0	"ιε) Υποστηρίζει την ανάπτυξη, εφαρμογή και διάδοση 
καινοτόμων προγραμμάτων και καλών πρακτικών."	RespA
883	2.0	"στ) Προτείνει μέτρα για την υποστήριξη, επιστημονική εποπτεία και συντονισμό των φορέων κοινωνικής 
φροντίδας και δημιουργεί εργαλεία ηλεκτρονικής διασύνδεσής τους."	RespA
884	2.0	"ιζ) Δημιουργεί εργαλεία ηλεκτρονικής διασύνδεσης 
φορέων που απευθύνονται σε συγκεκριμένες ομάδες 
ατόμων που εξυπηρετούνται από το Εθνικό Σύστημα 
Κοινωνικής Αλληλεγγύης, όπως άτομα με αναπηρίες, 
παιδιά και ηλικιωμένοι."	RespA
885	2.0	"ιη) Γνωμοδοτεί σχετικά με τη χορήγηση έγκρισης 
άδειας για την πραγματοποίηση ερανικού συστήματος μακράς διάρκειας σύμφωνα με το άρθρο 12 του 
ν.3106/2003."	RespA
886	3.0	"Όργανα Διοίκησης
Όργανα Διοίκησης του Ι.Κ.Π.Α. είναι:"	RespA
887	3.0	"α) Το Διοικητικό Συμβούλιο ( Δ.Σ.) 
β) Ο Πρόεδρος του Δ.Σ."	Irrelevant
888	4.0	"Διοικητικό Συμβούλιο 
Σύνθεση – Λειτουργία Αρμοδιότητες 
1. Το Ι.Κ.Π.Α. διοικείται από επταμελές (7) Διοικητικό Συμβούλιο (Δ.Σ.), με ισάριθμα αναπληρωματικά μέλη 
(παρ. 4 άρθρου 38 ν. 3370/2005) 
Το Δ. Σ. αποτελείται από:"	Irrelevant
889	4.0	α) Έναν Ψυχολόγο με εμπειρία στον τομέα της Κοινωνικής Αλληλεγγύης.	Irrelevant
890	4.0	Κοινωνικής Αλληλεγγύης.	Irrelevant
891	4.0	"β) Έναν Κοινωνιολόγο με εμπειρία στον τομέα της 
γ) Έναν Ιατρό με εμπειρία στα άτομα με αναπηρία 
(ΑμεΑ)."	Irrelevant
892	4.0	δ) Έναν Ειδικό Πληροφορικής, εξειδικευμένο σε πληροφοριακά συστήματα Κοινωνικής Αλληλεγγύης.	Irrelevant
893	4.0	"ε) Δύο εκπροσώπους του Υπουργείου Υγείας και Κοινωνικής Αλληλεγγύης, εκ των οποίων ο ένας πρέπει να 
είναι ειδικός σε θέματα πιστοποιήσεων."	Irrelevant
894	4.0	στ) Έναν εκπρόσωπο των εργαζομένων του Ινστιτούτου, ο οποίος εκλέγεται από το σύνολο των εργαζομένων στο Ινστιτούτο.	Irrelevant
895	4.0	"2. Το Δ.Σ. του Ι.Κ.Π.Α συγκροτείται με απόφαση του 
Υπουργού Υγείας και Κοινωνικής Αλληλεγγύης και διορίζεται με τριετή θητεία. Με όμοια απόφαση ορίζονται από τα μέλη του Δ.Σ. ο Πρόεδρος και ο Αντιπρόεδρος."	Org
896	4.0	"3. Το Δ.Σ. του Ι.Κ.Π.Α. εξακολουθεί να ασκεί τα καθήκοντά του και μετά τη λήξη της θητείας του, μέχρι το 
διορισμό του νέου Δ.Σ. και πάντως όχι πέραν των τριών μηνών."	Org
897	4.0	"4. Με απόφαση του Υπουργού Υγείας και Κοινωνικής 
Αλληλεγγύης καθορίζεται ο τρόπος και η διαδικασία 
εκλογής του εκπροσώπου των εργαζομένων."	Org
898	4.0	"5. Στις συνεδριάσεις του Δ.Σ. του Ι.Κ.Π.Α. μπορούν να 
συμμετέχουν, χωρίς δικαίωμα ψήφου, ύστερα από πρόσκληση του Προέδρου του, οι Πρόεδροι και οι Αναπληρωτές Γενικοί Διευθυντές των Υγειονομικών Περιφερειών (Υ.ΠΕ.), καθώς και στελέχη της Γενικής Διεύθυνσης 
Πρόνοιας του Υπουργείου Υγείας και Κοινωνικής Αλληλεγγύης και κάθε άλλου φορέα που είναι αρμόδιος για 
το συζητούμενο θέμα."	Org
899	4.0	"6. Στον Πρόεδρο του Δ.Σ. του Ι.Κ.Π.Α. καταβάλλονται 
αμοιβή και αποζημίωση για έξοδα παράστασης, το ύψος 
των οποίων καθορίζεται με κοινή απόφαση των Υπουργών Οικονομίας και Οικονομικών και Υγείας και Κοινωνικής Αλληλεγγύης. Με την ίδια απόφαση καθορίζεται 
αποζημίωση για τα μέλη, και το γραμματέα του Διοικητικού Συμβουλίου."	Org
900	4.0	"7. Χρέη Γραμματέα του Δ. Σ. ασκεί υπάλληλος του 
Ι.Κ.Π.Α., ο οποίος ορίζεται, μαζί με τον αναπληρωτή του, 
με απόφαση του Προέδρου του Δ.Σ."	Org
901	4.0	"8. Το Δ.Σ. συνεδριάζει κατόπιν προσκλήσεως του Προέδρου του, τακτικά δύο (2) φορές το μήνα και εκτάκτως, 
εάν το ζητήσει ο Πρόεδρος ή η πλειοψηφία των μελών 
του. Σε περίπτωση έκτακτης συνεδρίασης, ο πρόεδρος 
καλεί υποχρεωτικά τα μέλη του Δ.Σ. εντός πέντε ωρών 
από την υποβολή του σχετικού αιτήματος και καθορίζει 
την ώρα και τον τόπο της συνεδρίασης. Η πρόσκληση, 
γνωστοποιείται από το γραμματέα στα μέλη του Δ. Σ."	Org
902	4.0	"τουλάχιστον σαράντα οκτώ (48) ώρες πριν τη συνεδρίαση, με οποιοδήποτε πρόσφορο μέσο, εφόσον το γεγονός τούτο αποδεικνύεται από σχετική σημείωση σε 
ειδικό βιβλίο, η οποία πρέπει να φέρει χρονολογία και 
την υπογραφή του γραμματέα Δ.Σ.. Η πρόσκληση περιλαμβάνει τα θέματα που αναγράφονται στην ημερήσια 
διάταξη. Κατ’ εξαίρεση μπορούν να συζητηθούν και θέματα που δεν περιλαμβάνονται σ’ αυτή, αν είναι παρόντα όλα τα μέλη και συμφωνούν για την συζήτηση θέματος μη περιλαμβανομένου στην ημερήσια διάταξη."	Irrelevant
903	4.0	"9. Κάθε μέλος του Δ.Σ. έχει μία μόνο ψήφο. Μέλος 
που απουσιάζει ή κωλύεται να παραστεί, αντικαθίσταται στη συγκεκριμένη συνεδρίαση από τον αναπληρωτή του."	Org
904	4.0	"10. Το Δ.Σ. βρίσκεται σε απαρτία όταν παρίστανται 
τουλάχιστον τέσσερα (4) από τα μέλη του, μεταξύ των 
οποίων απαραίτητα ο Πρόεδρος ή ο Αντιπρόεδρος αυτού. Οι αποφάσεις λαμβάνονται με απόλυτη πλειοψηφία των παρόντων μελών και σε περίπτωση ισοψηφίας 
υπερισχύει η ψήφος του Προέδρου."	Org
905	4.0	11. Χρέη εισηγητών εκτελούν οι Προϊστάμενοι των Διευθύνσεων του Ι.Κ.Π.Α., οι οποίοι παρίστανται στις συνεδριάσεις του Δ.Σ. χωρίς δικαίωμα ψήφου.	Org
906	4.0	"12. Στις συνεδριάσεις του Δ.Σ. του Ι.Κ.Π.Α. συμμετέχει, 
χωρίς δικαίωμα ψήφου, ένας εκ των Νομικών Συμβούλων−Δικηγόρων του Ι.Κ.Π.Α."	Org
907	4.0	"13. Κατά τις συνεδριάσεις, τηρούνται πρακτικά, που 
υπογράφονται από τον Πρόεδρο, τα μέλη και τον γραμματέα, με μνεία τυχόν μειοψηφιών και της αιτιολογίας 
αυτών."	Org
908	4.0	14. Οι συνεδριάσεις και γενικά η λειτουργία του Δ.Σ.	Org
909	4.0	"διέπονται συμπληρωματικά από τις διατάξεις των άρθρων 13,14 και 15 του ν. 2690/1999 «Κύρωση του Κώδικα 
Διοικητικής Διαδικασίας και άλλες διατάξεις» (ΦΕΚ 45 
Α΄), όπως κάθε φορά ισχύουν."	Irrelevant
910	4.0	15. Το Διοικητικό Συμβούλιο έχει τις ακόλουθες αρμοδιότητες:	Org
911	4.0	"α) Σχεδιάζει και αποφασίζει για τη γενική πολιτική 
του Ι.Κ.Π.Α. καθώς και τον τρόπο εφαρμογής αυτής, στα 
πλαίσια εκπλήρωσης των νόμιμων σκοπών του."	RespA
912	4.0	β) Προωθεί την εκπόνηση και παρακολουθεί την εφαρμογή του επιχειρησιακού σχεδίου του Ι.Κ.Π.Α.	RespA
913	4.0	"γ) Αποφασίζει για όλα τα θέματα που αφορούν στη 
διοίκηση του Ι.Κ.Π.Α."	RespA
914	4.0	"δ) Εγκρίνει τον προϋπολογισμό του Ι.Κ.Π.Α., καθώς και 
τον ισολογισμό και απολογισμό της οικονομικής χρήσης 
κάθε έτους και τον υποβάλλει στο Υπουργείο Υγείας 
και Κοινωνικής Αλληλεγγύης. Εγκρίνει επίσης κάθε δαπάνη υλοποίησης του προϋπολογισμού."	RespA
915	4.0	"ε) Αποφασίζει για την αξιοποίηση της ακίνητης και 
κινητής περιουσίας του, καθώς και για την απόκτηση 
περιουσίας, πόρων, αποδοχής κληρονομιών, κληροδοσιών, δωρεών και πάσης φύσεως εισφορών και παροχών προς αυτό."	RespA
916	4.0	"στ) Αποφασίζει για τη διάθεση πόρων, για την απόκτηση συγκεκριμένων περιουσιακών στοιχείων, για την 
απόκτηση ακινήτων, για την ανέγερση, επέκταση και 
ανακατασκευή κτιρίων και γενικά για την εκτέλεση παντός έργου που σκοπό έχει την εξυπηρέτηση των σκοπών του Ι.Κ.Π.Α."	RespA
917	4.0	"ζ) Αποφασίζει για τις προμήθειες αγαθών και υπηρεσιών για την κάλυψη των κάθε είδους αναγκών του, με 
τη νόμιμη διαδικασία."	RespA
918	4.0	η) Ασκεί για τα θέματα του προσωπικού τις προβλεπόμενες από τον Υπαλληλικό Κώδικα αρμοδιότητες.	RespA
919	4.0	"θ) Αναθέτει εξειδικευμένο ερευνητικό ή μελετητικό 
έργο σε άλλους ερευνητικούς ή μελετητικούς φορείς."	RespA
920	4.0	"Οι όροι, η διαδικασία και οι λοιπές λεπτομέρειες τέτοιων αναθέσεων καθορίζονται με κοινή απόφαση των 
Υπουργών Οικονομίας και Οικονομικών και Υγείας και 
Κοινωνικής Αλληλεγγύης."	RespA
921	4.0	"ι) Αποφασίζει για την πρόσληψη, με σύμβαση έργου, 
εμπειρογνωμόνων και ερευνητών για την υλοποίηση 
εξειδικευμένων ερευνητικών και μελετητικών έργων, τα 
οποία δεν είναι δυνατόν να εκτελεστούν από το προσωπικό του Ι.Κ.Π.Α."	RespA
922	4.0	ια) Αποφασίζει για τη μίσθωση ή αναμίσθωση οικημάτων για τη στέγαση των υπηρεσιών του Ι.Κ.Π.Α..	RespA
923	4.0	"ιβ) Γνωμοδοτεί προς τον Υπουργό Υγείας και Κοινωνικής Αλληλεγγύης και προτείνει κατά περίπτωση τη 
λήψη μέτρων που εξασφαλίζουν την εύρυθμη λειτουργία 
του Ι.Κ.Π.Α.. και την ορθολογική και αποδοτική διαχείριση 
των οικονομικών πόρων και της περιουσίας του, ώστε 
να ανταποκρίνεται στην κοινωνική αποστολή του."	RespA
924	4.0	"ιγ) Γνωμοδοτεί προς τον Υπουργό Υγείας και Κοινωνικής Αλληλεγγύης και προτείνει, εφόσον κρίνει απαραίτητο, την αναμόρφωση, συμπλήρωση και τροποποίηση του Οργανισμού του Ι.Κ.Π.Α., καθώς και τη σύσταση 
−μετατροπή θέσεων προσωπικού."	RespA
925	4.0	"ιδ) Ασκεί όλες τις αρμοδιότητες που εκχωρούνται σ’ 
αυτό από τον Υπουργό Υγείας και Κοινωνικής Αλληλεγγύης."	RespA
926	4.0	"ιε) Αποφασίζει για τις μεταβολές των οικοτεχνικών 
δραστηριοτήτων (ίδρυση, αναστολή, κατάργηση, μεταφορά το"	RespA
927	4.0	"υς) καθώς και για οποιοδήποτε θέμα συνδέεται με την λειτουργία τους (αμοιβές εκπαιδευομένων 
και απασχολουμένων, παραγωγή και διάθεση προϊόντων, καθορισμός τιμών πώλησης, όροι και τρόποι πώλησης, διοργάνωση και συμμετοχή σε εκθέσεις εσωτερικού εξωτερικού)."	RespA
928	4.0	"στ) Αποφασίζει για τη σύσταση νέων παραρτημάτων 
του Κέντρου Επαγγελματικής Κατάρτισης (ΚΕΚ) ή την 
κατάργηση υφισταμένων, με βάση τους όρους πιστοποίησης της αρμόδιας δημόσιας αρχής."	RespA
929	4.0	"ιζ) Αποφασίζει για την παραχώρηση ειδών με τύπο 
χρησιδανείου στα πλαίσια της λειτουργίας των Οικοτεχνικών δραστηριοτήτων του Ι.Κ.Π.Α."	RespA
930	4.0	"ιη) Αποφασίζει για τη σύσταση και συγκρότηση πάσης φύσεως επιτροπών εργασίας ή ομάδων εκτέλεσης 
συγκεκριμένου έργου."	RespA
931	4.0	"ιθ) Γνωμοδοτεί για κάθε θέμα που παραπέμπεται στο 
Ι.Κ.Π.Α. από το Υπουργείο Υγείας και Κοινωνικής Αλληλεγγύης."	RespA
932	4.0	κ) Εξουσιοδοτεί τον Πρόεδρο αυτού να παίρνει αποφάσεις για συγκεκριμένα θέματα σε περίπτωση επειγουσών ή έκτακτων καταστάσεων.	RespA
933	4.0	λ) Το ΔΣ μπορεί να συγκροτεί πενταμελή Εκτελεστική Επιτροπή η οποία απαρτίζεται από:	RespA
934	4.0	α. Τον Πρόεδρο του Δ.Σ. ως Πρόεδρο.	Org
935	4.0	β. Τον Αντιπρόεδρο του Δ.Σ.	Org
936	4.0	"γ. Τρία Μέλη που εκλέγονται με τους αναπληρωτές 
Η Εκτελεστική Επιτροπή συνεδριάζει τουλάχιστον δύο 
τους από το Δ.Σ."	Org
937	4.0	φορές τον μήνα.	Irrelevant
938	4.0	"Το Δ.Σ. μπορεί να μεταβιβάζει αρμοδιότητες του, που 
δεν έχουν γνωμοδοτικό χαρακτήρα, στην Εκτελεστική 
Επιτροπή. Η απόφαση αυτή του Δ.Σ δημοσιεύεται με 
τοιχοκόλληση της στον πίνακα ανακοινώσεων του καταστήματος του Ι.Κ.Π.Α."	Irrelevant
939	4.0	"Η Εκτελεστική Επιτροπή, για την προώθηση του έργου της και για την πραγματοποίηση των αποφάσεων 
της Ολομέλειας, μπορεί να εισηγείται την κατάρτιση 
ειδικών επιτροπών, συμβουλίων και ομάδων εργασίας, 
που συγκροτούνται με απόφαση του Υπουργού Υγείας και Κοινωνικής Αλληλεγγύης. Με την απόφαση της 
συγκρότησης καθορίζονται το έργο της επιτροπής, τα 
καθήκοντα και οι υποχρεώσεις των μελών της, ο τρόπος λειτουργίας και κάθε άλλο σχετικό θέμα. Η απόφαση αυτή δημοσιεύεται με τοιχοκόλληση της στον πίνακα ανακοινώσεων του καταστήματος του Ι.Κ.Π.Α. (παρ.7 
άρθρου 7 ν. 3106/2003)."	Irrelevant
940	5.0	"Πρόεδρος Δ. Σ. – Αρμοδιότητες 
1. Ο Πρόεδρος ασκεί τις ακόλουθες αρμοδιότητες:"	Irrelevant
941	5.0	"α) Προεδρεύει του Διοικητικού Συμβουλίου και εκπροσωπεί το Ι.Κ.Π.Α. ενώπιον των δικαστικών, διοικητικών ή 
άλλων αρχών και παντός τρίτου."	Irrelevant
942	5.0	"β) Λαμβάνει όλες τις αναγκαίες αποφάσεις για την εκπλήρωση των σκοπών και των στόχων του Ι.Κ.Π.Α.. μέσα 
στο πλαίσιο της γενικής πολιτικής και του προγραμματισμού, που διαμορφώνει το Δ.Σ."	Irrelevant
943	5.0	γ) Προΐσταται όλων των υπηρεσιών του Ι.Κ.Π.Α.	Irrelevant
944	5.0	"δ) Έχει την ευθύνη της οργάνωσης, συντονισμού και 
ελέγχου των υπηρεσιών του Ι.Κ.Π.Α., ώστε να ανταποκρίνονται στην αποστολή τους και αναπτύσσει συνεργασία με άλλους φορείς."	Irrelevant
945	5.0	ε) Ασκεί για τα θέματα προσωπικού τις προβλεπόμενες από τον Υπαλληλικό Κώδικα αρμοδιότητες.	Irrelevant
946	5.0	"στ) Καταρτίζει την ετήσια έκθεση πεπραγμένων του 
έργου και των δραστηριοτήτων του Ι.Κ.Π.Α., την οποία 
υποβάλει στο Δ.Σ."	Irrelevant
947	5.0	"ζ) Παρακολουθεί την εκτέλεση των αποφάσεων του 
Δ.Σ. και εν γένει την εύρυθμη λειτουργία του Ι.Κ.Π.Α."	Irrelevant
948	5.0	"η) Κατ’ εξουσιοδότηση του Δ.Σ. και για συγκεκριμένα 
θέματα που ορίζονται από αυτό, έχει τη δυνατότητα να 
παίρνει αποφάσεις σε περίπτωση επειγουσών ή εκτάκτων καταστάσεων που χρήζουν άμεσης αντιμετώπισης."	Irrelevant
949	5.0	"Η έγκριση των αποφάσεων αυτών τίθενται υπόψη του 
Δ.Σ. στην αμέσως επόμενη συνεδρίασή του."	RespA
950	5.0	"2. Τον Πρόεδρο του Ι.Κ.Π.Α. αναπληρώνει στην άσκηση όλων των αρμοδιοτήτων του ο Αντιπρόεδρος του 
Δ.Σ.."	RespA
951	6.0	Πόροι του Ι.Κ.Π.Α.	RespA
952	6.0	"Πόροι του Ι.Κ.Π.Α. σε εφαρμογή της παρ.5 του άρθρου 
7 του νόμου 3106/2003 και του άρθρου 38 του νόμου 
3370/2005 είναι:"	RespA
953	6.0	"α) Επιχορηγήσεις από τον Τακτικό Κρατικό Προϋπολογισμό (παρ. 5 περιπτ. α και παρ. 6 άρθρου 7 
ν. 3106/2003)."	RespA
954	6.0	"β) Επιχορηγήσεις από τον Προϋπολογισμό Δημοσίων 
Επενδύσεων (παρ.5 περιπτ. β άρθρο 7 ν.3106/2003)."	RespA
955	6.0	"γ) Επιχορηγήσεις από το Κρατικό Λαχείο Κοινωνικής 
Αντίληψης (α.ν. 143/1967 και παρ. 3 περιπτ. 1β ν. 3370/2005)."	RespA
956	6.0	δ) Δωρεές, κληροδοτήματα και άλλες παροχές τρίτων (παρ.5 περιπτ. γ άρθρο 7 ν. 3106/2003).	RespA
957	6.0	"ε) Έσοδα από τις δραστηριότητες των υπηρεσιών Οικοτεχνίας (παρ.2 περιπτ. ι του άρθρου 7 ν. 3106/2003 και 
παρ. 5 περιπτ. ε άρθρο 7 του ν. 3106/2003)."	RespA
958	6.0	στ) Έσοδα από την εκμετάλλευση περιουσιακών στοιχείων (παρ.5 περιπτ.δ άρθρο 7 ν. 3106/2003).	RespA
959	6.0	"ζ) Έσοδα από συγχρηματοδοτούμενα προγράμματα 
της Ευρωπαϊκής Ένωσης ή άλλων ελληνικών ή διεθνών 
οργανισμών ή μη κερδοσκοπικών οργανισμών (παρ.5 
περιπτ. στ άρθρο 7 ν. 3106/2003)."	RespA
960	6.0	η) Έσοδα από ερευνητικές δραστηριότητες (εκδόσε	RespA
961	6.0	ις), καθώς και από την εκτέλεση ερευνητικών δραστηριοτήτων για λογαριασμό τρίτων −άλλων δημοσίων οργανισμών, ν.π.ι.δ. κλπ. (παρ.5 περιπτ.στ ν. 3106/2003 και παρ.ιδ άρθρο 23 ν. 1514/1985).	RespA
962	6.0	θ) Έσοδα από συμμετοχές σε συνέδρια ή και σεμινάρια που οργανώνει το Ι.Κ.Π.Α. (παρ.5 περιπτ. ε ν. 3106/2003).	RespA
963	6.0	ι) Κάθε άλλο έσοδο που προκύπτει από τη δραστηριότητά του.	RespA
964	7.0	"Προϋπολογισμός
1. Ο προϋπολογισμός του Ι.Κ.Π.Α. καταρτίζεται από τον 
Προϊστάμενο της Διεύθυνσης Οικονομικού αυτού, και 
υποβάλλεται στο Διοικητικό Συμβούλιο προς έγκριση."	RespA
965	7.0	"2. Η κατάρτιση και εκτέλεση του προϋπολογισμού, καθώς και η αναγνώριση, εκκαθάριση και εντολή πληρωμής των δαπανών, διέπονται από τις διατάξεις περί δημόσιου λογιστικού των Νομικών Προσώπων Δημοσίου 
Δικαίου. Η εκκαθάριση και εντολή πληρωμής των εξόδων του Ι.Κ.Π.Α. υπόκεινται σε προληπτικό έλεγχο του 
Ελεγκτικού Συνεδρίου και στην αρμόδια Υπηρεσία Δημοσιονομικού Ελέγχου."	Org
966	8.0	"Διάρθρωση Υπηρεσιών 
Το Ι.Κ.Π.Α. συγκροτείται από τις ακόλουθες οργαν"	Org
967	8.0	"ια) Διεύθυνση Εφαρμογών Κοινωνικής Αλληλεγγύης
β) Διεύθυνση Έρευνας, Σχεδιασμού, Αξιολόγησης και 
κές μονάδες:"	Irrelevant
968	9.0	"Αλληλεγγύης
1. Αρμοδιότητες της Διεύθυνσης είναι η παροχή επιστημονικής υποστήριξης στο Υπουργείο Υγείας και Κοινωνικής Αλληλεγγύης αλλά και σε δημόσιους και μη 
κυβερνητικούς φορείς κοινωνικής προστασίας και αλληλεγγύης σε συγκεκριμένες εφαρμογές κοινωνικής αλληλεγγύης."	Irrelevant
969	9.0	Ειδικότερα η επιστημονική υποστήριξη αφορά θέματα όπως:	Irrelevant
970	9.0	α) η πιστοποίηση φορέων.	Irrelevant
971	9.0	β) η εφαρμογή εθνικών προγραμμάτων.	Irrelevant
972	9.0	γ) η ανάπτυξη και εφαρμογή καινοτόμων πρωτοβουλιών – προγραμμάτων.	Irrelevant
973	9.0	"προγραμμάτων.
δ) η διάδοση καλών πρακτικών στην εφαρμογή των 
ε) η οργάνωση και λειτουργία εθνικών μητρώων προστατευομένων – επωφελούμενων από το Εθνικό Σύστημα Κοινωνικής Αλληλεγγύης, σύμφωνα με το ισχύον θεσμικό πλαίσιο και τις προτεραιότητες της εθνικής 
πολιτικής κοινωνικής προστασίας και αλληλεγγύης."	Irrelevant
974	9.0	στ) η δημιουργία εργαλείων ηλεκτρονικής διασύνδεσης φορέων του Εθνικού Συστήματος Κοινωνικής Αλληλεγγύης.	RespA
975	9.0	2. Η Διεύθυνση συγκροτείται από τα εξής Τμήματα:	Org
976	9.0	"α) Τμήμα Πιστοποίησης και Υποστήριξης Φορέων 
β) Τμήμα Εφαρμογής Προγραμμάτων 
γ) Τμήμα Εθνικών Μητρώων προστατευομένων – επωφελούμενων από το Εθνικό Σύστημα Κοινωνικής Αλληλεγγύης."	Org
977	9.0	"3. Οι επιμέρους αρμοδιότητές της κατανέμονται στα 
τμήματα ως εξής:"	Org
978	9.0	"α) Τμήμα Πιστοποίησης και Υποστήριξης Φορέων
"	Org
979	9.0	"αα) Η γνωμοδότηση προς το Υπουργείο Υγείας και 
Κοινωνικής Αλληλεγγύης σχετικά με την ειδική πιστοποίηση των φορέων (άρθρο 5 του ν. 2646/1998)."	Org
980	9.0	"ββ) Η γνωμοδότηση προς το Υπουργείο Υγείας και 
Κοινωνικής Αλληλεγγύης σχετικά με τη χορήγηση άδειας για την πραγματοποίηση ερανικού συστήματος μακράς διάρκειας (άρθρο 12 του ν. 3106/2003)."	Org
981	9.0	γγ) Η υποβολή προτάσεων λήψης μέτρων για την υποστήριξη, επιστημονική εποπτεία, συνεργασία και συντονισμό των φορέων κοινωνικής προστασίας και αλληλεγγύης.	Org
982	9.0	"δδ) Η δημιουργία εργαλείων ηλεκτρονικής διασύνδεσης φορέων που εξυπηρετούν συγκεκριμένες ομάδες 
επωφελούμενων του Εθνικού Συστήματος Κοινωνικής 
Αλληλεγγύης όπως π.χ. ατόμων με αναπηρία (κάρτα 
λειτουργικότητ"	Org
983	9.0	"ας), παιδιών, ηλικιωμένων κλπ. με σκοπό 
τη δικτύωση και το συντονισμό των φορέων για ορθολογιστική και συστηματική παροχή βέλτιστης ποιότητος υπηρεσιών σε όλη την Ελληνική επικράτεια (ενιαίο 
ηλεκτρονικό σύστημα καταγραφής των στοιχείων των 
εξυπηρετουμένων και αποστολής παραπομπών/ καταγραφής αιτημάτων για όλους τους φορείς, χωρίς διπλοεγγραφές και αλληλοεπικαλύψε"	Org
984	9.0	ις)	Org
985	9.0	εε) Η ανάπτυξη συνεργασιών με Διεθνείς και Περιφερειακούς φορείς, διεθνή δίκτυα και φορείς άλλων κρατών συναφούς αντικειμένου.	Irrelevant
986	9.0	"β. Τμήμα Εφαρμογής Προγραμμάτων 
"	Org
987	9.0	αα) Η ανάπτυξη και εφαρμογή προγραμμάτων και σχεδίων δράσης στο πλαίσιο του έργου του Ι.Κ.Π.Α.	RespA
988	9.0	"ββ) Η υποβοήθηση των φορέων του Εθνικού Συστήματος Κοινωνικής Αλληλεγγύης στην εφαρμογή προγραμμάτων στο πλαίσιο της πολιτικής του Υπουργείου 
Υγείας και Κοινωνικής Αλληλεγγύης."	RespA
989	9.0	"γγ) Η υποστήριξη των φορέων για την ανάπτυξη, την 
εφαρμογή και τη διάδοση καινοτόμων πρωτοβουλιών 
και καλών πρακτικών."	RespA
990	9.0	"δδ) Η ανάπτυξη εθνικών σχεδίων για την εφαρμογή εθνικών προγραμμάτων που αποφασίζονται από το 
Υπουργείο Υγείας και Κοινωνικής Αλληλεγγύης."	RespA
991	9.0	εε) H ανάπτυξη και διάδοση στους φορείς του Εθνικού Συστήματος Κοινωνικής Αλληλεγγύης ενημερωτικού και εκπαιδευτικού υλικού που σχετίζονται με εφαρμογή προγραμμάτων.	RespA
992	9.0	στστ)	RespA
993	9.0	" Η παροχή πληροφοριών, συμβουλών και κάθε 
άλλης στήριξης στους φορείς του Εθνικού Συστήματος Κοινωνικής Αλληλεγγύης ώστε να παρακολουθούν 
ενεργά τις εξελίξεις του σχετικού ευρωπαϊκού θεσμικού 
πλαισίου και να μπορούν να επωφελούνται από τις δυνατότητες και ευκαιρίες συνεργασίας, συγχρηματοδοτήσεων και ανταλλαγής τεχνογνωσίας και εμπειριών."	RespA
994	9.0	"γ. Τμήμα Εθνικών Μητρώων προστατευομένων−επωφελούμενων από το Εθνικό Σύστημα Κοινωνικής Αλληλεγγύης 
αα. Εθνικό Μητρώο Υιοθεσιών
Η τήρηση, σε συνεργασία με τα Πρωτοδικεία της 
χώρας, του Εθνικού Μητρώου Υιοθεσιών και η διαφύλαξη του απόρρητου χαρακτήρα του, σύμφωνα με τους 
ν. 3106/2003 και 3172/2003 (ΦΕΚ 197 Α’), το παρ.7θ του ν. 3370/2005 και την υπ’ αριθμ. Π1α/ΓΠ οικ."	Org
995	9.0	"25.6.2004 κοινή απόφαση των Υπουργών Υγείας και 
Κοινωνικής Αλληλεγγύης και Δικαιοσύνης(ΦΕΚ 965 Β΄)."	Irrelevant
996	9.0	"Η παροχή σε θετά ενήλικα τέκνα, μετά από αίτηση 
τους, των στοιχείων ταυτότητας των φυσικών γονέων, 
σύμφωνα με τα όσα προβλέπει η ανωτέρω απόφαση."	RespA
997	9.0	"Η έκδοση ετήσιων στατιστικών στοιχείων ως προς 
τα τηρούμενα αρχεία."	RespA
998	9.0	"ββ. Εθνικό Μητρώο Αναδόχων Ανηλίκων 
Η τήρηση του Εθνικού Μητρώου Αναδόχων Ανηλίκων 
σύμφωνα με το ν. 3370/2005 κεφ. ΙΔ, άρθρο 38 παράγρ."	Org
999	9.0	"7θ σε συνεργασία με τις αρμόδιες Κοινωνικές Υπηρεσίες 
και η διαφύλαξη του απόρρητου χαρακτήρα του."	RespA
1000	9.0	"Η έκδοση ετήσιων στατιστικών στοιχείων ως προς 
τα τηρούμενα αρχεία."	RespA
1001	9.0	"γ.γ. Εθνικό Μητρώο Ατόμων με Αναπηρίες που έχουν 
ανάγκη των Υπηρεσιών Κοινωνικής Προστασίας και Αλληλεγγύης 
Η τήρηση Εθνικού Μητρώου Ατόμων με Αναπηρίες, που έχουν ανάγκη των υπηρεσιών κοινωνικής προστασίας και αλληλεγγύης σύμφωνα με το ν. 3370/2005, 
άρθρο 38, παράγρ. 3 ιγ και η συνεργασία για το σκοπό 
αυτό με τους αρμόδιους κυβερνητικούς και μη κυβερνητικούς φορείς."	Org
1002	9.0	Η εποπτεία της εφαρμογής της Κάρτας Αναπηρίας.	Irrelevant
1003	9.0	"Η έκδοση ετήσιων στατιστικών στοιχείων ως προς 
τα τηρούμενα αρχεία."	Irrelevant
1004	9.0	Η ανάπτυξη συνεργασιών με Διεθνείς φορείς, διεθνή δίκτυα και φορείς άλλων κρατών συναφούς αντικειμένου.	Irrelevant
1005	10.0	"Αρμοδιότητες Διεύθυνσης
Έρευνας, Σχεδιασμού, Αξιολόγησης και Τεκμηρίωσης 
1. Αρμοδιότητες της Διεύθυνσης είναι η προώθηση 
και ανάπτυξη της επιστημονικής έρευνας και αξιολόγησης στο χώρο της κοινωνικής προστασίας και αλληλεγγύης. Ειδικότερα:"	Irrelevant
1006	10.0	"α) προτείνει την πολιτική σε θέματα έρευνας για το 
χώρο της κοινωνικής προστασίας και αλληλεγγύης."	RespA
1007	10.0	"β) προγραμματίζει και εφαρμόζει ερευνητικά έργα 
και μελέτες αξιολόγησης εφαρμοζομένων πολιτικών 
και προγραμμάτων στο πλαίσιο της πολιτικής και των 
προτεραιοτήτων του Υπουργείου Υγείας και Κοινωνικής Αλληλεγγύης."	RespA
1008	10.0	"γ) εισηγείται την ανάθεση, στο πλαίσιο της ανωτέρω 
πολιτικής, ερευνητικών έργων και μελετών σε ερευνητικούς ή μελετητικούς φορείς και ανεξάρτητους ερευνητές – εμπειρογνώμονες και παρακολουθεί την εφαρμογή τους."	RespA
1009	10.0	"δ) εισηγείται την κατανομή σε ερευνητικά έργα και 
μελέτες του προβλεπόμενου από το άρθρο 16 του ν."	RespA
1010	10.0	"98 και το άρθρο 3 του ν. 3370/2005 5% του συνολικού ετήσιου καθαρού προϊόντος του Κρατικού Λαχείου 
Κοινωνικής Αντίληψης για την ανάπτυξη της έρευνας."	RespA
1011	10.0	ε) γνωμοδοτεί προς το Υπουργείο Υγείας και Κοινωνικής Αλληλεγγύης σχετικά με το περιεχόμενο των Εθνικών Προγραμμάτων (άρθρο 2 του ν. 2646/98).	RespA
1012	10.0	"στ) επεξεργάζεται σχέδια νέων προγραμμάτων, προτάσεις πολιτικής και πρότυπα λειτουργίας υπηρεσιών 
και προτείνει βελτιώσεις σε ήδη λειτουργούντα προγράμματα και υπηρεσίες."	RespA
1013	10.0	"ζ) λειτουργεί και συντηρεί τον Εθνικό Χάρτη 
Πρόνοιας(άρθρο 3 του ν. 3370/2005)."	RespA
1014	10.0	"η) μεριμνά για τη συγκέντρωση ενημερωτικού και επιστημονικού υλικού και εκδόσεων και φροντίζει για την 
έκδοση ενημερωτικών κειμένων σε έντυπη ή ηλεκτρονική μορφή, ερευνητικών μελετών, μελετών αξιολόγησης, πρακτικών συνεδρίων κλπ."	RespA
1015	10.0	2. Η Διεύθυνση συγκροτείται από τα εξής τμήματα:	Org
1016	10.0	"α) Τμήμα Έρευνας, Μελετών και Αξιολόγησης 
β) Τμήμα Σχεδιασμού Προγραμμάτων 
γ) Τμήμα Τεκμηρίωσης και Χάρτη Πρόνοιας
3. Οι επιμέρους αρμοδιότητές της κατανέμονται στα 
τμήματα ως εξής:"	Org
1017	10.0	"α. Τμήμα Έρευνας, Μελετών και Αξιολόγησης
"	Org
1018	10.0	"αα) Η εκπόνηση και εφαρμογή ερευνητικών σχεδίων 
και μελετών με τη συνεργασία, όποτε κρίνεται σκόπιμο και αναγκαίο, και άλλων φορέων κοινωνικής φροντίδας ή ερευνητικών φορέων ή ανεξάρτητων επιστημόνων 
στην Ελλάδα και στο εξωτερικό στα πλαίσια συγχρηματοδοτούμενων ή μη προγραμμάτων."	RespA
1019	10.0	"ββ) Η συνεργασία με ερευνητικούς φορείς της Ελλάδας και του εξωτερικού ή και ανεξάρτητους ερευνητές, 
η επεξεργασία προτάσεων όσον αφορά τους όρους συνεργασίας, η εισήγηση για την ανάθεση σε αυτούς ερευνητικών έργων, στο πλαίσιο της εγκεκριμένης από το 
Υπουργείο Υγείας και Κοινωνικής Αλληλεγγύης πολιτικής, και η παρακολούθηση της υλοποίησής τους."	RespA
1020	10.0	"γγ) Η συγκέντρωση και αξιοποίηση στατιστικών στοιχείων και πληροφοριών για την εξέλιξη των κοινωνικών 
αναγκών, τις δημογραφικές εξελίξεις κ.λπ."	RespA
1021	10.0	"δδ) Η ανάληψη, μετά από σχετική ανάθεση από το 
Υπουργείο Υγείας και Κοινωνικής Αλληλεγγύης και σε 
συνεργασία όπου κρίνεται αναγκαίο με άλλους φορείς 
ή και ανεξάρτητους εμπειρογνώμονες, μελετών συνεχούς ή/και εκ των υστέρων αξιολόγησης των διαδικασιών υλοποίησης και των αποτελεσμάτων εφαρμογής 
πολιτικών και εθνικών προγραμμάτων."	RespA
1022	10.0	εε) Η ανάληψη της αξιολόγησης καινοτόμων προγραμμάτων και πρωτοβουλιών και η φροντίδα για τη διάδοση των πορισμάτων της αξιολόγησης.	RespA
1023	10.0	στστ)	RespA
1024	10.0	" Η συνεργασία με εξωτερικούς φορείς και ανεξάρτητους εμπειρογνώμονες για κάθε θέμα που αφορά την ανάθεση μελετών αξιολόγησης, η επεξεργασία 
των όρων συνεργασίας, η εισήγηση για ανάθεση σε αυτούς των σχετικών μελετών και η παρακολούθηση της 
υλοποίησής τους."	RespA
1025	10.0	"ζζ) Η δημιουργία και η διαχείριση μηχανογραφημένου 
μητρώου των προϊόντων και αποτελεσμάτων της έρευνας και αξιολόγησης που προκύπτουν από την εφαρμογή κάθε έργου."	RespA
1026	10.0	ηη) Η ανάπτυξη συνεργασιών με διεθνείς φορείς, διεθνή δίκτυα και φορείς άλλων κρατών που αφορούν θέματα που σχετίζονται με το χώρο της κοινωνικής φροντίδας και κοινωνικής αλληλεγγύης.	RespA
1027	10.0	"θθ) Η εισήγηση για την κατανομή σε ερευνητικά έργα 
και μελέτες του προβλεπόμενου από το ν. 2646/1998 
(άρθρο 16) και το ν. 3370/2005 (άρθρο 3) 5% του συνολικού ετήσιου καθαρού προϊόντος του κρατικού λαχείου κοινωνικής αντίληψης για την ανάπτυξη της έρευνας και η παρακολούθηση της εξέλιξης των έργων και 
μελετών."	RespA
1028	10.0	"β. Τμήμα Σχεδιασμού Προγραμμάτων
"	Org
1029	10.0	"αα) Η γνωμοδότηση προς το Υπουργείο Υγείας και 
Κοινωνικής Αλληλεγγύης σχετικά με το χαρακτηρισμό προγραμμάτων ως καινοτόμων (άρθρο 15 του 
ν. 2646/1998)."	RespA
1030	10.0	"ββ) Η γνωμοδότηση προς το Υπουργείο Υγείας και Κοινωνικής Αλληλεγγύης σχετικά με το περιεχόμενο των 
Εθνικών Προγραμμάτων (άρθρο 2 του ν. 2646/1998)."	RespA
1031	10.0	"γγ) Η αναζήτηση από τον ελλαδικό και διεθνή χώρο, 
με βάση τις προτεραιότητες της κοινωνικής πολιτικής, 
νέων και καινοτόμων προγραμμάτων, καθώς και προτύπων καλής πρακτικής και η υποβολή σχετικών προτάσεων στο Υπουργείο Υγείας και Κοινωνικής Αλληλεγγύης για πιθανή ένταξή τους στο πλαίσιο των εθνικών 
πολιτικών."	RespA
1032	10.0	"δδ) Η επεξεργασία προτύπων για την καλύτερη λειτουργία των εφαρμοζόμενων προγραμμάτων στο χώρο 
της κοινωνικής προστασίας και αλληλεγγύης και η υποβολή σχετικών προτάσεων στο Υπουργείο Υγείας και 
Κοινωνικής Αλληλεγγύης."	RespA
1033	10.0	"εε) Η επεξεργασία προτάσεων σχετικά με νέα προγράμματα και εθνικές πολιτικές και η υποβολή τους στο 
Υπουργείο Υγείας και Κοινωνικής Αλληλεγγύης."	RespA
1034	10.0	στστ)	RespA
1035	10.0	" Η εισήγηση στο Υπουργείο Υγείας και Κοινωνικής Αλληλεγγύης μέτρων για βελτίωση, τροποποίηση, 
μετεξέλιξη και λοιπές μεταβολές και μεταρρυθμίσεις 
που απαιτούνται για το συνεχή εκσυγχρονισμό των υπηρεσιών κοινωνικής αλληλεγγύης μέσω της συμπλήρωσης 
του θεσμικού πλαισίου, της επιστημονικής εποπτείας 
τους, της εξασφάλισης των απαιτούμενων ανθρωπίνων 
και οικονομικών πόρων και κάθε άλλου απαραίτητου 
μέσου και της ορθολογιστικής χρήσης τους, καθώς και 
της προώθησης της συμμετοχής των ίδιων των εξυπηρετουμένων και των οικογενειών τους."	RespA
1036	10.0	"γ. Τμήμα Τεκμηρίωσης και Χάρτη Πρόνοιας 
"	Org
1037	10.0	"αα) Η λειτουργία και συντήρηση του Εθνικού Χάρτη Πρόνοιας, σύμφωνα με το άρθρο 3 του ν. 3370/2005 
και συγκεκριμένα:"	RespA
1038	10.0	"Ι. Η φροντίδα για τη συνεχή ανανέωση των δεδομένων του
ΙΙ. Η ανάπτυξη περαιτέρω του Χάρτη με νέες κατηγορίες δεδομένων και η επεξεργασία νέων δυνατοτήτων για την καλύτερη συγκέντρωση και επεξεργασία 
των δεδομένων
ΙΙΙ. Η συνεργασία με τους φορείς του Εθνικού Συστήματος Κοινωνικής Αλληλεγγύης για τον εντοπισμό και 
επίλυση δυσκολιών στην άντληση των δεδομένων
ΙV. Η φροντίδα για την καλύτερη δυνατή πρόσβαση 
των χρηστών στα δεδομένα του Χάρτη
V. Η έκδοση σε ετήσια βάση στατιστικών στοιχείων 
όσον αφορά τα συγκεντρωτικά δεδομένα του Χάρτη ."	RespA
1039	10.0	"ββ) Η λειτουργία επιστημονικής βιβλιοθήκης και αρχείου με υλικό για θέματα κοινωνικής προστασίας και 
αλληλεγγύης προς χρήση των επαγγελματιών και των 
εθελοντών του χώρου της κοινωνικής προστασίας και 
αλληλεγγύης και η μέριμνα για τη συνεχή ενημέρωσή 
της με τη συγκέντρωσηεξασφάλιση βιβλίων, ενημερωτικών εντύπων, περιοδικών εκδόσεων κλπ."	RespA
1040	10.0	"γγ) Η μέριμνα για την έκδοση ενημερωτικών κειμένων 
σε έντυπη ή ηλεκτρονική μορφή, ερευνητικών μελετών, 
μελετών αξιολόγησης, πρακτικών συνεδρίων κλπ.."	RespA
1041	11.0	"Αρμοδιότητες Διεύθυνσης Οικοτεχνικών 
Δραστηριοτήτων 
1. Η Διεύθυνση Οικοτεχνικών Δραστηριοτήτων έχει τη 
γενική ευθύνη της οργάνωσης, λειτουργίας και διοίκησης όλων των οικοτεχνικών δραστηριοτήτων και σχετικών προγραμμάτων του Ι.Κ.Π.Α."	RespA
1042	11.0	2.Η Διεύθυνση συγκροτείται από τα εξής τμήματα:	Org
1043	11.0	α) Τμήμα Εκπαίδευσης (Σχολές – Κλιμάκ	RespA
1044	11.0	"ια) 
β) Τμήμα Παραγωγής 
γ) Τμήμα Προώθησης Πωλήσεων και Εκθέσεων
3. Οι επιμέρους αρμοδιότητές της κατανέμονται στα 
Τμήματα ως εξής:"	RespA
1045	11.0	α. Τμήμα Εκπαίδευσης (Σχολές – Κλιμάκ	RespA
1046	11.0	"ια) 
"	Irrelevant
1047	11.0	αα) Οι διοικητικές ενέργειες και η εισήγηση στο Δ.Σ.	Irrelevant
1048	11.0	του Ι.Κ.Π.Α. για ίδρυση, μεταφορά και κατάργηση Σχολών ταπητουργίας, κιλιμοποιΐας και Κλιμακίων οικοτεχνικών δραστηριοτήτων.	Irrelevant
1049	11.0	"ββ) Οι διοικητικές ενέργειες οργάνωσης, εποπτείας 
της λειτουργίας και ελέγχου των Σχολών Ταπητουργίας−Κιλιμοποιΐας και των άλλων οικοτεχνικών δραστηριοτήτων του Ι.Κ.Π.Α."	RespA
1050	11.0	γγ) Η επιμέλεια της εκπόνησης, αποστολής και χρήσης των εκπαιδευτικών οδηγιών και μεθόδων της Οικοτεχνίας του Ι.Κ.Π.Α.	RespA
1051	11.0	"δδ) Η τήρηση των αρχείων και στοιχείων των εκπαιδευομένων στις Σχολές Κιλιμοποιΐας και Ταπητουργίας και η χορήγηση βεβαιώσεων με βάση τα στοιχεία 
αυτά."	RespA
1052	11.0	"εε) Ο προγραμματισμός, η οργάνωση, η εποπτεία και 
ο έλεγχος των εκπαιδευτικών δραστηριοτήτων της Οικοτεχνίας του Ι.Κ.Π.Α.."	RespA
1053	11.0	στστ)	RespA
1054	11.0	 Οι διοικητικές ενέργειες προγραμματισμού, οργάνωσης, πραγματοποίησης ελέγχου και ποιοτικής κατάταξης των προϊόντων της Οικοτεχνίας του Ι.Κ.Π.Α.	RespA
1055	11.0	"ζζ) Ο προγραμματισμός του αναγκαίου εξοπλισμού και 
των εργαλείων για την εκπαίδευση και παραγωγή των 
Σχολών Ταπητουργίας, Κιλιμοποιΐας και των άλλων εκπαιδευτικών δραστηριοτήτων της Οικοτεχνίας."	RespA
1056	11.0	"ηη) Ο σχεδιασμός νέων προϊόντων Οικοτεχνίας
"	RespA
1057	11.0	"θθ) Η έρευνα, κατάστρωση και εισαγωγή στην εκπαιδευτική και παραγωγική διαδικασία νέων τεχνικών δημιουργίας οικοτεχνικών προϊόντων
"	RespA
1058	11.0	"ιι) Οι διοικητικές ενέργειες έγκρισης, χρήσης και παραγωγής νέων σχεδίων και ειδών
ια"	RespA
1059	11.0	"ια) Η κατάρτιση συμβάσεων για εκπαίδευση στις 
Σχολές ΤαπητουργίαςΚιλιμοποιΐας και τις άλλες δραστηριότητες Οικοτεχνίας."	RespA
1060	11.0	ιβιβ)	RespA
1061	11.0	" Η έρευνα για τη διάσωση ελληνικών ιστορικών 
παραδοσιακών και λαϊκών σχεδίων και ειδών υφαντικής και κεντήματος
ιγιγ)"	Irrelevant
1062	11.0	" Οι διοικητικές ενέργειες για καταλογισμούς κακοτεχνιών σε βάρος εκπαιδευομένων και απασχολούμενων στις δραστηριότητες της Οικοτεχνίας
ιδιδ)"	Irrelevant
1063	11.0	" Ο συντονισμός των εκπαιδευτικών δραστηριοτήτων
β. Τμήμα Παραγωγής
αα)"	Irrelevant
1064	11.0	" Ο υπολογισμός των αναγκαίων πρώτων υλών και 
λοιπών υλικών που είναι απαραίτητες για τη λειτουργία της εκπαίδευσης και την παραγωγή προϊόντων οικοτεχνίας."	Irrelevant
1065	11.0	ββ) Η σύνταξη τεχνικών προδιαγραφών για την προμήθεια πρώτων υλών και λοιπών υλικών για την παραγωγή ειδών οικοτεχνίας.	RespA
1066	11.0	"γγ) Οι διοικητικές ενέργειες, σε συνεργασία με τα συναρμόδια τμήματα, για τον ποιοτικό έλεγχο των πρώτων υλών και λοιπών υλικών που χρησιμοποιούνται για 
την εκπαίδευση και την παραγωγή οικοτεχνικών προϊόντων."	RespA
1067	11.0	"δδ) Η εκτέλεση των αποφάσεων και Διοικητικών πράξεων που αφορούν τις αμοιβές των εκπαιδευομένων και 
λοιπών προσώπων που εμπλέκονται στις διαδικασίες 
παραγωγής οικοτεχνικών προϊόντων, εκτός των μονίμων και λοιπών με συμβάσεις εξαρτημένης εργασίας 
υπαλλήλων του Ι.Κ.Π.Α."	RespA
1068	11.0	εε) Η συγκέντρωση των απαραίτητων δικαιολογητικών και η σύνταξη των καταστάσεων και λοιπών εγγράφων για την εκκαθάριση των αμοιβών της προηγούμενης περίπτωσης (	RespA
1069	11.0	"δδ) 
στ"	RespA
1070	11.0	"στ) Η επιμέλεια σε συνεργασία με τα συναρμόδια 
τμήματα του Ι.Κ.Π.Α. για την αποστολή σε ασφαλιστικά 
ταμεία των στοιχείων για τις αμοιβές των σύμφωνα με 
τα ανωτέρω περιπτώσεων και η προώθησή τους για καταβολή των εισφορών και λοιπών υποχρεώσεων."	Irrelevant
1071	11.0	"ζζ) Η διεκπεραίωση όλων των εργασιών και διαδικασιών κοστολόγησης των παραγομένων οικοτεχνικών 
προϊόντων."	Irrelevant
1072	11.0	"ηη) Ο συντονισμός των παραγωγικών οικοτεχνικών 
δραστηριοτήτων."	Irrelevant
1073	11.0	"θθ) Οι διοικητικές ενέργειες για τον έλεγχο της παραγωγής των εκπαιδευομένων και απασχολούμενων στις 
οικοτεχνικές δραστηριότητες."	Irrelevant
1074	11.0	ιι) Οι διοικητικές ενέργειες και η εισήγηση στο Δ.Σ.	Irrelevant
1075	11.0	για τις αμοιβές των εκπαιδευομένων και απασχολουμένων σε οικοτεχνικές δραστηριότητες.	Irrelevant
1076	11.0	ιαια)	Irrelevant
1077	11.0	 Η σύνταξη οδηγιών συντήρησης των παραγομένων ειδών.	RespA
1078	11.0	"γ. Τμήμα Προώθησης Πωλήσεων και Εκθέσεων
"	Org
1079	11.0	"αα) Η επιμέλεια και οι διοικητικές ενέργειες για τη 
λειτουργία των καταστημάτων πώλησης ειδών Οικοτεχνίας."	RespA
1080	11.0	"ββ) Οι διοικητικές ενέργειες για την προώθηση και 
ανάπτυξη των πωλήσεων."	RespA
1081	11.0	γγ) Οι διοικητικές ενέργειες για την οργάνωση και λειτουργία Εκθέσεων στο εσωτερικό και το εξωτερικό.	RespA
1082	11.0	δδ) Οι έρευνες αγοράς.	RespA
1083	11.0	εε) Οι διοικητικές ενέργειες και η εισήγηση στο Δ.Σ.	RespA
1084	11.0	"του Ι.Κ.Π.Α. για την ίδρυση, οργάνωση, αναδιοργάνωση, 
μεταφορά, κατάργηση, μετεγκατάσταση καταστημάτων 
πώλησης ειδών Οικοτεχνίας."	RespA
1085	11.0	στστ)	Irrelevant
1086	11.0	 Οι διοικητικές ενέργειες και η εισήγηση στο Δ.Σ.	RespA
1087	11.0	του Ι.Κ.Π.Α. για την τιμολογιακή πολιτική των παραγόμενων προϊόντων και εμπορευμάτων.	RespA
1088	11.0	ζζ) Οι διοικητικές ενέργειες και η εισήγηση στο Δ.Σ.	RespA
1089	11.0	του Ι.Κ.Π.Α. για τη χορήγηση εκπτώσεων, και άλλου είδους διευκολύνσεων στις πωλήσεις ειδών Οικοτεχνίας.	Irrelevant
1090	11.0	ηη) Οι διοικητικές ενέργειες και η εισήγηση στο Δ.Σ.	RespA
1091	11.0	"του Ι.Κ.Π.Α. για την πραγματοποίηση πωλήσεων με τη 
χρήση διαφόρων μέσων είσπραξης του τιμήματός τους 
(πιστωτικές κάρτες, γραμμάτια, επιταγές κ.α.)."	Irrelevant
1092	11.0	"θθ) Η επιμέλεια και οι διοικητικές ενέργειες για την 
προβολή και διαφήμιση των προϊόντων και εμπορευμάτων Οικοτεχνίας."	RespA
1093	11.0	"ιι) Η επιμέλεια και οι διοικητικές ενέργειες για την 
πραγματοποίηση συναλλαγών (αγορών εμπορευμάτων 
και πωλήσεις προϊόντων και εμπορευμάτ"	RespA
1094	11.0	"ων) μέσω του 
διαδικτύου."	RespA
1095	11.0	ιαια)	RespA
1096	11.0	" Οι εισηγήσεις προς το τμήμα εκπαίδευσης και 
παραγωγής του ετήσιου ή και για μεγαλύτερο χρονικό διάστημα, προγραμματισμού παραγωγής προϊόντων, 
καθώς και η αναπροσαρμογή του."	RespA
1097	11.0	ιβιβ)	Irrelevant
1098	11.0	" Οι εισηγήσεις προς το τμήμα εκπαίδευσης και 
παραγωγής της δημιουργίας νέων σχεδίων και προϊόντων."	RespA
1099	11.0	ιγιγ)	Irrelevant
1100	11.0	 Οι διοικητικές ενέργειες ελέγχου των υπαγόμενων στο τμήμα υπηρεσιών και υπαλλήλων και η εισήγηση για καταλογισμούς σε βάρος τους για ελλείμματα ή άλλη αιτία.	RespA
1101	11.0	ιδιδ)	Irrelevant
1102	11.0	 Οι διοικητικές ενέργειες για τη λήψη και διεκπεραίωση ειδικών παραγγελιών παραγωγής οικοτεχνικών προϊόντων.	RespA
1103	11.0	ιειε)	Irrelevant
1104	11.0	" Οι διοικητικές ενέργειες για τη διάθεση σε τρίτους εμπορευμάτων Οικοτεχνίας με παρακαταθήκη και 
η εκκαθάριση των σχετικών Λογαριασμών."	Irrelevant
1105	11.0	ιστι	Irrelevant
1106	11.0	στ) Οι διοικητικές ενέργειες για τη δημιουργία δικτύου πωλήσεων με δικαιόχρηση.	RespA
1107	11.0	ιζιζ)	RespA
1108	11.0	" Η επιμέλεια και οι διοικητικές ενέργειες για εξαγωγές προϊόντων, εισαγωγή εμπορευμάτων και άλλων υλικών, ενδοκοινοτικές παραδόσεις και αποκτήσεις, καθώς 
και επιστροφή Φ.Π.Α. για πωλήσεις στο εξωτερικό."	RespA
1109	11.0	ιηιη)	Irrelevant
1110	11.0	" Η επιμέλεια και οι διοικητικές ενέργειες για τη 
χορήγηση δωρεών και την παραχώρηση με χρησιδάνειο 
προϊόντων, εμπορευμάτων και λοιπών ειδών και υλικών 
για την προώθηση των σκοπών του Ι.Κ.Π.Α., την αγορά 
εμπορευμάτων για μεταπώληση και την κατάρτιση συμβάσεων πωλήσεων και παραχωρήσεων με διαφόρους 
τρόπους, προϊόντων και εμπορευμάτων."	RespA
1111	12.0	"Αρμοδιότητες Διεύθυνσης Διοικητικού 
1. Η Διεύθυνση Διοικητικού έχει αρμοδιότητα σε όλα 
τα θέματα που αφορούν στο προσωπικό και την οργάνωση του Ι.Κ.Π.Α."	RespA
1112	12.0	"2. Η Διεύθυνση Διοικητικού συγκροτείται από τα εξής 
τμήματα:"	Org
1113	12.0	"σεων
α) Τμήμα Οργάνωσης, Επικοινωνίας και Δημοσίων Σχέβ) Τμήμα Προσωπικού
γ) Τμήμα Κεντρικής Γραμματείας 
3. Οι επιμέρους αρμοδιότητές της κατανέμονται στα 
τμήματα ως εξής:"	RespA
1114	12.0	"σεων
α. Τμήμα Οργάνωσης, Επικοινωνίας και Δημοσίων Σχέ"	RespA
1115	12.0	αα) Η συνεργασία με τις άλλες Διευθύνσεις του Ι.Κ.Π.Α.	RespA
1116	12.0	"για την παραγωγή της έκδοσης του ετήσιου απολογισμού δραστηριότητας του Ι.Κ.Π.Α. και η φροντίδα για 
την έκδοσή της."	RespA
1117	12.0	"ββ) Η φροντίδα για την κατάλληλη προβολή του φορέα, καθώς και την προβολή και διαφήμιση των υπηρεσιών και προϊόντων του, χρησιμοποιώντας διάφορα 
μέσα και πρακτικές (έντυπα φορέα, συνεχής ενημέρωση ιστοσελίδας φορέα, δημόσιες σχέσεις κ"	RespA
1118	12.0	λπ)	RespA
1119	12.0	γγ) Η οργάνωση σε συνεργασία με τις καθύλην αρμόδιες Δ/νσεις συνεδρίων, ημερίδων και άλλων εκδηλώσεων.	Irrelevant
1120	12.0	"δδ) Η ανάπτυξη ενεργειών ευαισθητοποίησης του κοινού σε συνεργασία με τις καθύλην αρμόδιες Δ/νσεις 
μέσω ενημερωτικών εντύπων, ηλεκτρονικής πληροφόρησης, ραδιοτηλεοπτικών κοινωνικών μηνυμάτων, συνεργασίας με ΜΜΕ και άλλα μέσα."	Irrelevant
1121	12.0	"εε) Η συγκέντρωση όλων των στοιχείων – δικαιολογητικών – για την έκδοση των μισθοδοτικών καταστάσεων των τακτικών αποδοχών, μετά τον υπολογισμό των 
πάσης φύσεως μεταβολών των υπαλλήλων και την καταχώρησή τους."	Irrelevant
1122	12.0	στστ)	Irrelevant
1123	12.0	 Ο έλεγχος των ως άνω μισθοδοτικών καταστάσεων και η φροντίδα για την υποβολή τους αρμοδίως.	RespA
1124	12.0	"ζζ) Ο έλεγχος για τον ορθό υπολογισμό των επιδομάτων οικογενειακών βαρών στο προαναφερόμενο προσωπικό μέσω μισθοδοτικής κατάστασης και η διακοπή 
του όταν εκλείψουν οι λόγοι καταβολής."	RespA
1125	12.0	ηη) Ενημέρωση των στοιχείων για υπερωρίες υπαλλήλων μέσω μισθοδοτικής κατάστασης.	RespA
1126	12.0	"θθ) Διεκπεραίωση όλων των εργασιών, σε συνεργασία με άλλες Δ/νσεις και τμήματα, για την υποβολή της 
Αναλυτικής Περιοδικής Δήλωσης (Α.Π.Δ.) στο Ι.Κ.Α."	RespA
1127	12.0	"ιι) Υπολογισμός των αποζημιώσεων εφάπαξ ν. 103/75 
στους αποχωρούντες υπαλλήλους."	RespA
1128	12.0	ιαια)	RespA
1129	12.0	" Η φροντίδα για την τήρηση του πρωτοκόλλου, 
η διακίνηση της αλληλογραφίας του Προέδρου και γενικά η γραμματειακή στήριξη του έργου του Προέδρου 
του Δ.Σ."	RespA
1130	12.0	ιβιβ)	Irrelevant
1131	12.0	 Η έκδοση αντιγράφων ή αποσπασμάτων αποφάσεων, καθώς και η διαβίβαση των αποφάσεων του Δ.Σ.	Irrelevant
1132	12.0	στις αρμόδιες υπηρεσίες του Ι.Κ.Π.Α.	Irrelevant
1133	12.0	ιγιγ)	Irrelevant
1134	12.0	 Η Γραμματειακή στήριξη του Δ.Σ. Ι.Κ.Π.Α.	RespA
1135	12.0	"β. Τμήμα Προσωπικού
Το Τμήμα Προσωπικού επιλαμβάνεται κάθε θέματος υπηρεσιακής κατάστασης του κάθε είδους προσωπικού των 
Κεντρικών και Περιφερειακών Υπηρεσιών του Ι.Κ.Π.Α."	Org
1136	12.0	"Αναλυτικότερα, οι αρμοδιότητες του Τμήματος είναι 
οι ακόλουθες:"	RespA
1137	12.0	"ΦΕΚ 1353
"	RespA
1138	12.0	δδ) Η διαδικασία επιλογής και τοποθέτησης Προϊσταμένων οργανικών μονάδων.	Irrelevant
1139	12.0	"εε) Η έκδοση οδηγιών και διευκρινιστικών εγγράφων 
σε θέματα διοίκησης και οργάνωσης του Ι.Κ.Π.Α. και κατάστασης του προσωπικού."	Irrelevant
1140	12.0	στστ)	Irrelevant
1141	12.0	 Η εφαρμογή του πειθαρχικού δικαίου.	Irrelevant
1142	12.0	ζζ) Η διαδικασία ελέγχου και κοινοποίησης των εκθέσεων ουσιαστικών προσόντων.	RespA
1143	12.0	ηη) Οι μετακινήσεις υπαλλήλων για εκτέλεση υπηρεσίας και η έγκριση αποζημίωσης εντός και εκτός έδρας.	RespA
1144	12.0	"θθ) Η διαδικασία έγκρισης υπερωριακής απασχόλησης και καταβολής αποζημίωσης υπερωριών του πάσης 
φύσεως προσωπικού."	RespA
1145	12.0	ιι) Η χορήγηση άδειας ασκήσεως ιδιωτικής εργασίας με αμοιβή.	RespA
1146	12.0	"αα) Ο χειρισμός όλων των θεμάτων υπηρεσιακής κατάστασης του κάθε είδους και σχέσης εργασίας προσωπικού των Κεντρικών και Περιφερειακών Υπηρεσιών του Ι.Κ.Π.Α, και ιδίως σε ό,τι αφορά τις διαδικασίες 
πρόσληψης, μονιμοποίησης, μετάταξης και απόσπασης 
από και προς το Ι.Κ.Π.Α., τοποθέτησης, μετακίνησης, μετάθεσης, αναπλήρωσης, μισθολογικών και βαθμολογικών προαγωγών, χορήγησης χρονοεπιδομάτων, λύσης 
της υπαλληλικής σχέσης, έγκρισης αποζημίωσης. Επίσης, η χορήγηση βεβαιώσεων υπηρεσιακής κατάστασης και πιστοποιητικών υπηρεσιακών μεταβολών για 
συνταξιοδότηση."	RespA
1147	12.0	ββ) Η επεξεργασία και τήρηση στοιχείων για την αριθμητική σύνθεση και τις αριθμητικές μεταβολές του προσωπικού.	RespA
1148	12.0	γγ) Η τήρηση των προσωπικών μητρώων του ανωτέρω προσωπικού.	RespA
1149	12.0	ιαια)	RespA
1150	12.0	 Η χορήγηση των κάθε είδους αδειών, όπως προβλέπεται από τις κείμενες διατάξεις.	RespA
1151	12.0	ιβιβ)	Irrelevant
1152	12.0	" Η μέριμνα για την εισαγωγική εκπαίδευση των 
διοριζόμενων υπαλλήλων, σε συνεργασία με το Τμήμα 
Κέντρο Επαγγελματικής Κατάρτισης (Κ.Ε.Κ.)."	RespA
1153	12.0	ιγιγ)	Irrelevant
1154	12.0	 Η μέριμνα για την τήρηση του ωραρίου εργασίας του προσωπικού του Ι.Κ.Π.Α.	RespA
1155	12.0	ιδιδ)	Irrelevant
1156	12.0	" Η συγκρότηση επιτροπών για την ανάθεση και 
παραλαβή διαφόρων έργων του φορέα."	RespA
1157	12.0	ιειε)	Irrelevant
1158	12.0	" Η μέριμνα για τη δημοσίευση στην εφημερίδα 
της Κυβερνήσεως των προβλεπόμενων πράξεων της 
Διοίκησης και για την παραλαβή από το Εθνικό Τυπογραφείο των Φ.Ε.Κ."	RespA
1159	12.0	ιστι	RespA
1160	12.0	στ) Η μέριμνα για τη φύλαξη των χώρων των Κεντρικών Υπηρεσιών του Ι.Κ.Π.Α.	RespA
1161	12.0	ιζιζ)	RespA
1162	12.0	" Η οργάνωση και παρακολούθηση των δικαιωμάτων και υποχρεώσεων της Κεντρικής Επιτροπής Αποκατάστασης Απόρων Κορασίδων (ΚΕΠΑΑΚ) που περιήλθαν στο Ι.Κ.Π.Α. από τον Εθνικό Οργανισμό Πρόνοιας 
(αρθ.21 παρ.17 του ν. 3172/2003) 
ιηιη)"	RespA
1163	12.0	 Ο χειρισμός κάθε άλλου σχετικού με τις προαναφερόμενες αρμοδιότητες θέματος.	RespA
1164	12.0	Ιθιθ)	RespA
1165	12.0	" Η εξασφάλιση της προσβασιμότητας και λοιπών 
διευκολύνσεων για τα άτομα με αναπηρίες στους χώρους λειτουργίας του Ι.Κ.Π.Α."	RespA
1166	12.0	"γ. Τμήμα Κεντρικής Γραμματείας
"	RespA
1167	12.0	αα) Η οργάνωση και η τήρηση των πρωτοκόλλων (παραλαβή και παράδοση της εισερχόμενης αλληλογραφίας και η τήρηση ευρετηρίου.	RespA
1168	12.0	"ββ) Η οργάνωση και τήρηση των πρωτοκόλλων και η 
διεκπεραίωση της εξερχόμενης αλληλογραφίας."	RespA
1169	12.0	γγ) Η ευθύνη για τη διαδικασία αναπαραγωγής εγγράφων.	RespA
1170	12.0	"δδ) Η επικύρωση από τον Προϊστάμενο της Γραμματείας ή το νόμιμο αναπληρωτή του, αντιγράφων, φωτοαντιγράφων ή φωτοτυπιών οποιωνδήποτε εγγράφων 
και γενικά δικαιολογητικών, ύστερα από αντιπαραβολή 
τους με το επιδεικνυόμενο σχετικό πρωτότυπο ή ακριβές αντίγραφο και η βεβαίωση του γνήσιου της υπογραφής."	RespA
1171	12.0	εε) Η τήρηση γενικού αρχείου του Ι.Κ.Π.Α.	RespA
1172	13.0	"Αρμοδιότητες Διεύθυνσης Οικονομικού
1. Η Διεύθυνση Οικονομικού έχει τη γενική ευθύνη για 
τη διεκπεραίωση όλων των οικονομικής φύσης διαδικασιών για την υποστήριξη της λειτουργίας των υπηρεσιών του Ι.Κ.Π.Α."	RespA
1173	13.0	2. Η Διεύθυνση συγκροτείται από τα εξής τμήματα:	Org
1174	13.0	"α) Τμήμα Προϋπολογισμού και διεκπεραίωσης διαδικασιών Δημοσίου Λογιστικού 
β) Τμήμα Γενικού Λογιστηρίου 
γ) Τμήμα προμηθειών, ακινήτων και διαχείρισης και 
διακίνησης υλικών
3. Οι επιμέρους αρμοδιότητές της κατανέμονται στα 
τμήματα ως εξής:"	Org
1175	13.0	"α. Τμήμα Προϋπολογισμού και διεκπεραίωσης διαδικασιών Δημοσίου Λογιστικού
"	Org
1176	13.0	"αα) Η επιμέλεια της κατάρτισης του σχεδίου του ετήσιου προϋπολογισμού, σε συνεργασία με τις άλλες Διευθύνσεις, καθώς και της ένταξης έργων στο πρόγραμμα 
δημοσίων επενδύσεων και δράσεων σε συγχρηματοδοτούμενα προγράμματα."	RespA
1177	13.0	ββ) Η παρακολούθηση της εκτέλεσης του προϋπολογισμού και η εισήγηση για την αναμόρφωσή του.	RespA
1178	13.0	"γγ) Η κατανομή και η μεταβίβαση πιστώσεων
"	RespA
1179	13.0	δδ) Η εξόφληση των χρηματικών ενταλμάτων ή άλλων τίτλων πληρωμής.	RespA
1180	13.0	"εε) Η επιμέλεια για τη βεβαίωση και είσπραξη των 
εσόδων του Ι.Κ.Π.Α. και η κατάθεσή τους στον τραπεζικό λογαριασμό ταμειακής διαχείρισης."	RespA
1181	13.0	στστ)	RespA
1182	13.0	" Η τήρηση των βιβλίων που προβλέπονται από 
τις δημοσιολογιστικές και λογιστικές διατάξεις περί 
Ν.Π.Δ.Δ."	RespA
1183	13.0	"ζζ) Ο έλεγχος, η επεξεργασία και η υποβολή οικονομικών απολογιστικών στοιχείων στο Ελεγκτικό Συνέδριο 
και λοιπά ελεγκτικά όργανα που συνδέονται με τη διεκπεραίωση των διαδικασιών του Δημόσιου Λογιστικού."	RespA
1184	13.0	ηη) Η συγκέντρωση των απαραίτητων δικαιολογητικών και η προώθησή τους για εκκαθάριση.	RespA
1185	13.0	"θθ) Η επιμέλεια της κατάρτισης σε συνεργασία με τα 
υπόλοιπα τμήματα των οποιασδήποτε φύσεως απολογιστικών οικονομικών στοιχείων."	RespA
1186	13.0	"ιι) Αποζημιώσεις εκτός έδρας και αποζημιώσεις μελών 
Δ.Σ. και Υπηρεσιακού Συμβουλίου (Υ.Σ.)."	RespA
1187	13.0	"β. Τμήμα Γενικού Λογιστηρίου
"	Org
1188	13.0	"αα) Η κατάρτιση του ισολογισμού, απολογισμού και 
των κάθε είδους οικονομικών καταστάσεων που προβλέπονται από τις δημοσιολογιστικές και λογιστικές διατάξεις περί Ν.Π.Δ.Δ."	RespA
1189	13.0	"ββ) Η παρακολούθηση και ο έλεγχος της είσπραξης 
των απαιτήσεων και της πληρωμής των υποχρεώσεων του Ι.Κ.Π.Α."	RespA
1190	13.0	γγ) Η έκδοση και ο έλεγχος των λογιστικών παραστατικών και φορολογικών στοιχείων και η διεκπεραίωση των αναγκαίων λογιστικών εργασιών.	RespA
1191	13.0	"δδ) Ο έλεγχος και η λογιστική παρακολούθηση των 
τραπεζικών λογαριασμών
"	RespA
1192	13.0	εε) Η τήρηση των λογιστικών βιβλίων που προβλέπονται από τις λογιστικές διατάξεις περί Ν.Π.Δ.Δ.	RespA
1193	13.0	στστ)	RespA
1194	13.0	" Η παρακολούθηση του εξοπλισμού και η τήρηση όλων των προβλεπόμενων από τις δημοσιολογιστικές και λογιστικές διατάξεις περί Ν.Π.Δ.Δ. βιβλίων και 
διαδικασιών για τον έλεγχό τους."	RespA
1195	13.0	"ζζ) Η επιμέλεια για την έκδοση καταλογιστικών πράξεων, σύμφωνα με την κείμενη νομοθεσία σε βάρος των 
υπευθύνων υπολόγων, λόγω ελλείμματος ή για οποιαδήποτε άλλη αιτία."	Irrelevant
1196	13.0	"ηη) Η επιμέλεια για την είσπραξη απαιτήσεων από καταλογιστικές πράξεις σε βάρος υπευθύνων υπολόγων 
από οποιαδήποτε αιτία."	Irrelevant
1197	13.0	"θθ) Η σύνταξη και υποβολή οικονομικών στοιχείων και 
δηλώσεων σε Δημόσιες Οικονομικές Υπηρεσίες (Δ.Ο.Υ.), 
δημόσιες ή άλλες αρχές και οργανισμούς του κράτους, 
καθώς και η θεώρηση ή γνωστοποίηση για χρήση αθεώρητων στοιχείων και βιβλίων
"	Irrelevant
1198	13.0	"ιι) Η σύνταξη και υποβολή στοιχείων σε ελεγκτικές 
αρχές
ια"	Irrelevant
1199	13.0	"ια) Η επιμέλεια για την είσπραξη και απόδοση των 
υπέρ του Δημοσίου και τρίτων κρατήσεων
ιβ"	Irrelevant
1200	13.0	"ιβ) Η επιμέλεια για την απόδοση υπέρ του Δημοσίου και τρίτων οφειλών
ιγ"	Irrelevant
1201	13.0	"ιγ) Η σύνταξη προϋπολογιστικών και απολογιστικών στοιχείων και η διαχείριση και εκκαθάριση χρηματοδοτούμενων προγραμμάτων από κρατικούς και μη 
κρατικούς φορείς
ιδ"	Irrelevant
1202	13.0	"ιδ) Η τήρηση και ο έλεγχος ταμείου
ιε"	Irrelevant
1203	13.0	"ιε) Η έκδοση επιταγών και άλλων αξιογράφων
ιστι"	Irrelevant
1204	13.0	"στ) Η επιμέλεια για την είσπραξη και εκκαθάριση πωλήσεων μέσω πιστωτικών καρτών ή άλλων τραπεζικών μέσων
ιζ"	Irrelevant
1205	13.0	"ιζ) Η επιμέλεια όλων των εργασιών και διαδικασιών 
ανοίγματος και κλεισίματος των διαχειριστικών χρήσεων
ιη"	Irrelevant
1206	13.0	"ιη) Η επιμέλεια της εφαρμογής του διατραπεζικού 
συστήματος για την πληρωμή των αποδοχών του προσωπικού
ιθ"	Irrelevant
1207	13.0	"ιθ) Η υπογραφή των Οικονομικών καταστάσεων και 
Δηλώσεων σύμφωνα με τη νομοθεσία που ισχύει."	Irrelevant
1208	13.0	"γ. Τμήμα προμηθειών, ακινήτων και διαχείρισης και 
διακίνησης υλικών
"	Org
1209	13.0	"αα) Η κατάρτιση του προγράμματος προμηθειών πάσης φύσεως υλικών και εφοδίων καθώς και υπηρεσιών 
του Ι.Κ.Π.Α. Η διενέργεια διαγωνισμών προμήθειας υλικού και υπηρεσιών
"	RespA
1210	13.0	"ββ) Οι διοικητικές ενέργειες και διαδικασίες για την 
προμήθεια, παραλαβή (ποσοτική και ποιοτική), εναποθήκευση και διακίνηση των υλικών και εφοδίων ως και για 
την καταστροφή ή εκποίηση του άχρηστου υλικού
"	RespA
1211	13.0	"γγ) Η επιμέλεια και οι διοικητικές ενέργειες κατάρτισης συμβάσεων προμηθείας, η παρακολούθηση της 
καλής εκτέλεσης τους, η εισήγηση για την επιβολή ή 
όχι κυρώσεων, που προβλέπονται για αντισυμβατική 
εκτέλεση κ.λ.π."	RespA
1212	13.0	"δδ) Η επιμέλεια όλων των ενεργειών και διαδικασιών 
για την τυποποίηση προς πώληση των έτοιμων προϊόντων παραγωγής της οικοτεχνικής δραστηριότητας 
του Ι.Κ.Π.Α."	RespA
1213	13.0	"εε) Η επιμέλεια για την αποστολή και παραλαβή εξοπλισμού και των προϊόντων και εμπορευμάτων οργάνωσης εκθέσεων της οικοτεχνικής δραστηριότητας του 
Ι.Κ.Π.Α."	RespA
1214	13.0	στστ)	RespA
1215	13.0	" Οι διοικητικές ενέργειες για την ασφάλιση των 
κτιρίων, εγκαταστάσεων, μεταφορικών μέσων εξοπλισμού και των υλικών και εφοδίων του Ι.Κ.Π.Α."	RespA
1216	13.0	"ζζ) Οι διοικητικές ενέργειες για την κυκλοφορία, συντήρηση και έλεγχο της λειτουργίας των μεταφορικών 
μέσων και κάθε οχήματος του Ι.Κ.Π.Α."	RespA
1217	13.0	"ηη) Ο προγραμματισμός και η παρακολούθηση της 
κίνησης των μεταφορικών μέσων και οχημάτων του 
Ι.Κ.Π.Α."	RespA
1218	13.0	"θθ) Η επιμέλεια και ο έλεγχος των υλικών και καυσίμων 
των μεταφορικών μέσων και οχημάτων του Ι.Κ.Π.Α."	RespA
1219	13.0	"ιι) Η επιμέλεια και οι διοικητικές ενέργειες για τη συντήρηση και επισκευή των εγκαταστάσεων, των μέσων 
και του εξοπλισμού του Ι.Κ.Π.Α."	RespA
1220	13.0	ιαια)	RespA
1221	13.0	" Οι διοικητικές ενέργειες για τη μίσθωση, ανέγερση και συντήρηση κτιρίων, κτιριακών εγκαταστάσεων, 
καθώς και ακινήτων άλλων χρήσεων για τις ανάγκες 
λειτουργίας του Ι.Κ.Π.Α."	RespA
1222	13.0	ιβιβ)	Irrelevant
1223	13.0	" Οι διοικητικές ενέργειες ελέγχου της χρήσης 
και συντήρησης των περιουσιακών στοιχείων και μισθωμένων ακινήτων και η εισήγηση για ενεργοποίηση 
των διαδικασιών καταλογισμού σε περιπτώσεις ευθύνης των υπολόγων."	RespA
1224	13.0	ιγιγ)	Irrelevant
1225	13.0	" Η επιμέλεια της διενέργειας απογραφών σε συνεργασία με τις άλλες υπηρεσίες του Ι.Κ.Π.Α. των περιουσιακών στοιχείων και των ακινήτων, μέσων, υλικών 
και εφοδίων ιδιοκτησίας τρίτων με τα οποία είναι χρεωμένο ή εποπτεύει."	RespA
1226	14.0	"1. Αρμοδιότητες της Διεύθυνσης Πληροφορικής είναι 
η οργάνωση και η ανάπτυξη του ολοκληρωμένου Εθνικού Πληροφοριακού Συστήματος Κοινωνικής Αλληλεγγύης, το οποίο θα δικτυώνει όλες τις δομές πρόνοιας."	Org
1227	14.0	"Επίσης η μηχανοργάνωση όλων των λειτουργικών διαδικασιών του Οργανισμού, με στόχο τη διασφάλιση 
των αναπτυξιακών ενεργειών του και τον εκσυγχρονισμό των υπηρεσιών του μέσα από την ουσιαστική αξιοποίηση των ωφελημάτων που παρέχει η εκμετάλλευση της πληροφορικής."	Irrelevant
1228	14.0	"Στην άμεση ευθύνη της Διεύθυνσης Πληροφορικής 
εμπίπτουν:"	Irrelevant
1229	14.0	"α) Ο προγραμματισμός και η συνολική παρακολούθηση της ανάπτυξης του μηχανογραφικού εξοπλισμού, των 
εφαρμογών πληροφορικής και των περιφερειακών συστημάτων και ο συντονισμός των αντιστοίχων εργασιών."	RespA
1230	14.0	"β) Ο έλεγχος και η μέριμνα για τη βελτιστοποίηση της 
απόδοσης της υφισταμένης υποδομής πληροφορικής."	RespA
1231	14.0	"γ) Ενημέρωση μέσω αναφορών και εισηγήσεων προς 
την Διοίκηση για μείζονα θέματα του ΟΠΣ του Ινστιτούτου."	RespA
1232	14.0	"δ) O προγραμματισμός έργων, καθώς και η μελέτη και 
μέριμνα για την εισαγωγή νέων τεχνολογιών και μεθόδων πληροφορικής σε συνεργασία με τις ενδιαφερόμενες−εμπλεκόμενες κατά περίπτωση άλλες Διευθύνσεις και Υπηρεσίες."	RespA
1233	14.0	"ε) Η ευθύνη για την απρόσκοπτη λειτουργία, συντήρηση και αναβάθμιση των συστημάτων πληροφορικής 
του οργανισμού."	RespA
1234	14.0	"στ) Η εκπαίδευση και η διαρκής υποστήριξη του ανθρώπινου δυναμικού του οργανισμού, στη χρήση και 
αξιοποίηση συστημάτων πληροφορικής, λογισμικού και 
εξοπλισμού και σύγχρονων τεχνολογιών."	RespA
1235	14.0	"ζ) Η διαρκής ενημέρωση και αναβάθμιση των υπηρεσιών ηλεκτρονικής πληροφόρησης του οργανισμού μέσω 
του Διαδικτύου."	RespA
1236	14.0	2. Η Διεύθυνση συγκροτείται από τα εξής τμήματα:	Org
1237	14.0	"α) Τμήμα Λειτουργίας, Συντήρησης και Υποστήριξης 
Μηχανογραφικού Εξοπλισμού
β) Τμήμα Ανάπτυξης και Υποστήριξης Εφαρμογών 
3. Οι επιμέρους αρμοδιότητές της κατανέμονται στα 
τμήματα ως εξής:"	RespA
1238	14.0	"ββ) Η παροχή εκπαίδευσης και συνεχούς υποστήριξης 
στους χρήστες των πληροφορικών εφαρμογών, είτε για 
την επίλυση προβλημάτων αξιοποίησης των υφισταμένων υπό εκμετάλλευση εφαρμογών, είτε για τη διατύπωση και σύνταξη νέων απαιτήσεων, αναγκών τροποποίησης, δημιουργίας νέων προγραμμάτων κ.α."	RespA
1239	14.0	γγ) Σύνταξη σχετικών μελετών και μελετών σκοπιμότητας.	RespA
1240	14.0	"δδ) Aναφορές και εισηγήσεις προς την Διοίκηση για 
θέματα ανάπτυξης και υποστήριξης εφαρμογών λογισμικού από τους υπαλλήλους του Τμήματος ή της αγοράς και συντήρησης λογισμικού από τρίτους με σκοπό 
την πλήρη μηχανογραφική λειτουργία των υπηρεσιών 
του Ινστιτούτου."	RespA
1241	14.0	εε) Καθορισμός των αναγκών για εκπαίδευση και εκπαίδευση του προσωπικού του Ινστιτούτου σε θέματα του Τμήματος σε συνεργασία με τις λοιπές υπηρεσίες.	RespA
1242	14.0	στστ)	RespA
1243	14.0	 Bελτίωση των εφαρμοζομένων συστημάτων λογισμικού και παρακολούθηση της εξέλιξης της τεχνολογίας στο χώρο της πληροφορικής στον τομέα αυτό.	RespA
1244	14.0	"ζζ) Φροντίδα για την σύνταξη προδιαγραφών για την 
προμήθεια και εγκατάσταση λογισμικού διαφόρων μηχανογραφικών εφαρμογών σε συνεργασία με το Τμήμα Προμηθειών."	RespA
1245	14.0	"ηη) Η εκτέλεση άλλων σχετικών με το αντικείμενο του 
Τμήματος καθηκόντων που θα ανατίθενται από υπερκείμενα όργανα."	RespA
1246	14.0	"θθ) Τήρηση αλληλογραφίας και αρχείων σχετικών με 
το Τμήμα."	RespA
1247	15.0	"Αρμοδιότητες Αυτοτελούς Τμήματος 
Κέντρου Επαγγελματικής Κατάρτισης (Κ.Ε.Κ.) 
1. Το Αυτοτελές Τμήμα Κ.Ε.Κ. σκοπό έχει την ανάπτυξη και εφαρμογή προγραμμάτων εκπαίδευσης, επιμόρφωσης και κατάρτισης του προσωπικού των φορέων 
του Εθνικού Συστήματος Κοινωνικής Φροντίδας αλλά 
και εθελοντών, μελών ευαίσθητων κοινωνικών ομάδων 
καθώς και ανέργων, τους οποίους η κοινωνική πολιτική επιθυμεί να στηρίξει."	RespA
1248	15.0	"2. Στο Τμήμα υπάγονται και τα εξής Παραρτήματα τα 
οποία σύμφωνα με υπ’ αριθμ. ΔΥ2γ/οικ. 80/2001 (ΦΕΚ 
490 τ. Β’) και ΔΥ2γ/56120/2003 (ΦΕΚ 1050 τ. Β’) κοινές 
υπουργικές αποφάσεις, δεν έχουν αυτοτελή νομική προσωπικότητα."	Org
1249	15.0	"α) Παράρτημα Κ.Ε.Κ. Κεντρικής Μακεδονίας 
β) Παράρτημα Κ.Ε.Κ. Θεσσαλίας 
γ) Παράρτημα Κ.Ε.Κ. Ανατολ. Μακεδονίας και Θράκης
Το ΚΕΚ και τα Παραρτήματα έλαβαν πιστοποίηση με 
αρ. Νο 113947 δυνάμει της υπ’αριθμ. 343/12.1.2006 απόφασης του Δ.Σ. του Εθνικού Κέντρου Συνεχιζόμενης 
Επαγγελματικής Κατάρτισης το οποίο λειτουργεί σύμφωνα με τις διατάξεις του άρθρου 22 του ν. 2469/1997 
(ΦΕΚ 38Α/14.3.1997) όπως τροποποιήθηκε με τις διατάξεις των άρθρων 21 του ν. 2639/1998,23/2819/2000,34 του 
ν. 2874/2000 και 14 του ν. 3385/2005)."	Irrelevant
1250	15.0	3. Οι επιμέρους αρμοδιότητες του Τμήματος κατανέμονται στο Τμήμα και τα Παραρτήματα ως εξής:	Org
1251	15.0	"α) Η επιστημονική ευθύνη όλων των δραστηριοτήτων 
του Τμήματος."	Irrelevant
1252	15.0	"α. Τμήμα Λειτουργίας, Συντήρησης και Υποστήριξης 
Μηχανογραφικού Εξοπλισμού
"	RespA
1253	15.0	"αα) Η μέριμνα για την καλή λειτουργία, αξιοποίηση, 
συντήρηση και αναβάθμιση της παραγωγικής μηχανογραφικής υποδομής (υποδομή και συνθήκες εγκατάστασης, κεντρικές μονάδες και περιφερειακός εξοπλισμός, 
λογισμικού συστήματ"	RespA
1254	15.0	ος)	RespA
1255	15.0	"ββ) Η παροχή υποστήριξης για την κάλυψη αναγκών 
σε εξειδικευμένους τομείς (βάσεων δεδομένων, τράπεζες πληροφοριών κ.α.)."	Irrelevant
1256	15.0	"γγ) H παροχή συνεχούς υποστήριξης στους χρήστες 
των πληροφορικών συστημάτων που αντιμετωπίζουν 
προβλήματα με το εσωτερικό δίκτυο, το Internet, τους 
εκτυπωτές, τους σταθμούς εργασίας, την πρόσβαση 
στις εφαρμογές (Λογισμικό) κ.α."	Irrelevant
1257	15.0	"δδ) H μέριμνα για τα ημερήσια, εβδομαδιαία, μηνιαία και ετήσια backups, η φύλαξη των μαγνητικών μέσων σε ασφαλή σημεία και γενικότερα ο εντοπισμός 
και η επίλυση γενικής και ειδικής φύσεως προβλημάτων Hardware."	Irrelevant
1258	15.0	"εε) Καθορισμός των αναγκών για τεχνική εκπαίδευση και εκπαίδευση του προσωπικού του Ινστιτούτου 
σε θέματα αρμοδιοτήτων του Τμήματος και γενικότερα σε θέματα πληροφορικής σε συνεργασία με τις λοιπές υπηρεσίες."	Irrelevant
1259	15.0	στστ)	Irrelevant
1260	15.0	" Φροντίδα για την σύνταξη των τεχνικών προδιαγραφών για την προμήθεια και εγκατάσταση μηχανογραφικού εξοπλισμού σε συνεργασία με το Τμήμα 
Προμηθειών καθώς και εισηγήσεις για την προμήθεια 
αναλωσίμων."	RespA
1261	15.0	"ζζ) Αναφορές και εισηγήσεις προς την Διοίκηση για 
θέματα αγοράς και συντήρησης του μηχανογραφικού 
εξοπλισμού."	RespA
1262	15.0	"ηη) Η εκτέλεση άλλων σχετικών με το αντικείμενο του 
Τμήματος καθηκόντων που θα ανατίθενται από υπερκείμενα όργανα."	RespA
1263	15.0	"θθ) Τήρηση αλληλογραφίας και αρχείων σχετικών με 
το Τμήμα."	RespA
1264	15.0	"β. Τμήμα Ανάπτυξης και Υποστήριξης Εφαρμογών
"	Org
1265	15.0	αα) Η πλήρης κάλυψη, από πλευράς ανάλυσης, σχεδιασμού, προγραμματισμού, τεκμηρίωσης και υλοποίησης μηχανογραφικών εφαρμογών.	RespA
1266	15.0	"Η ανάπτυξη, υποστήριξη και εκμετάλλευση ειδικών 
εφαρμογών και εφαρμογών διαδικτύου, που σχετίζονται 
με το έργο του Ινστιτούτου και αφορούν στην ανάπτυξη 
ηλεκτρονικών βάσεων δεδομένων για προνοιακά θέματα 
του Εθνικού Συστήματος Κοινωνικής Αλληλεγγύης."	RespA
1267	15.0	β) Η ευθύνη για το σχεδιασμό των προγραμμάτων κατάρτισης και των συναφών δραστηριοτήτων του Τμήματος.	RespA
1268	15.0	"γ) Η ευθύνη για την επιστημονική αξιολόγηση των 
προγραμμάτων και των συναφών δραστηριοτήτων του 
Τμήματος."	RespA
1269	15.0	"δ) Η στήριξη και κατεύθυνση των λοιπών στελεχών 
του Τμήματος, καθώς και των εξωτερικών συνεργατών, 
σε ότι αφορά το επιστημονικό περιεχόμενο των δράσεων του Τμήματος."	RespA
1270	15.0	"ε) Η κατάρτιση του ετήσιου προγραμματισμού δράσης που αφορά τα προγράμματα κατάρτισης και τις 
συναφείς δραστηριότητες."	RespA
1271	15.0	"στ) Η συνεργασία και η παρακολούθηση του έργου 
του υπεύθυνου προώθησης στην απασχόληση."	RespA
1272	15.0	"ζ) Η διερεύνηση των αναγκών της αγοράς εργασίας, 
καθώς και των αναγκών κατάρτισης των ανέργων και 
των εργαζομένων στον κοινωνικό – παιδαγωγικόπρονοιακό χώρο, σε συνεργασία με τη Διεύθυνση Έρευνας, 
Σχεδιασμού, Αξιολόγησης και Τεκμηρίωσης."	RespA
1273	15.0	"η) Η εισήγηση της εκτέλεσης προγραμμάτων επιμόρφωσης εκπαιδευτικών εθελοντών που υλοποιούνται 
από τις εθελοντικές οργανώσεις του άρθρου 12 του 
ν. 2646/1998 και τα οποία είναι σχετικά με τους σκοπούς 
και τους στόχους των Εθνικών Προγραμμάτων."	RespA
1274	15.0	"θ) Η αναζήτηση, μέσα από τις σχετικές προκηρύξεις 
των αρμοδίων αρχών, των εκπαιδευτικών ή συναφών 
προγραμμάτων στα οποία θα μπορούσε να συμμετέχει το Τμήμα και η μέριμνα για την υποβολή σχετικών 
προτάσεων."	RespA
1275	15.0	ι) Η συνεργασία, κατά περίπτωση, με άλλους πιστοποιημένους ή μη φορείς κατάρτισης για την υλοποίηση προγραμμάτων.	RespA
1276	15.0	"ια) Η φροντίδα για την εφαρμογή εκπαιδευτικών μεθοδολογιών, την έκδοση εκπαιδευτικών βοηθημάτων, 
την ένταξη σε εθνικά και διακρατικά δίκτυα και τη διοργάνωση σεμιναρίων, συνεδρίων και ημερίδων σε συνεργασία με τις άλλες Διευθύνσεις του Ι.Κ.Π.Α."	RespA
1277	15.0	"ιβ) Η ευθύνη για την παρακολούθηση της υλοποίησης των προγραμμάτων επαγγελματικής κατάρτισης 
και της τήρησης όλων των απαραίτητων εντύπων και 
στοιχείων."	RespA
1278	15.0	"ιγ) Η ευθύνη για την τήρηση βιβλιοθήκης με βιβλία, 
έντυπο υλικό, βιντεοταινίες, CD−ROM κλπ. σχετικά με 
το έργο του Τμήματος."	RespA
1279	15.0	ιδ) Η φροντίδα για τη μηχανογραφική παρακολούθηση των εργασιών του Τμήματος και την έκδοση στατιστικών στοιχείων.	RespA
1280	15.0	ιε) Η συνεργασία με επιχειρήσεις του δημόσιου ή ιδιωτικού τομέα για την πρακτική άσκηση των καταρτιζομένων.	RespA
1281	15.0	"στ) Η σύνταξη του ετήσιου απολογισμού έργου του 
Τμήματος."	RespA
1282	15.0	"ιζ) Η ευθύνη της διοικητικής – διαχειριστικής παρακολούθησης των προγραμμάτων, σύμφωνα με όσα ορίζουν 
τα συστήματα διοικητικής διαχείρισής τους."	RespA
1283	15.0	"ιη) Η κατάρτιση, σε συνεργασία με τους επιστημονικούς υπεύθυνους και τα λοιπά στελέχη του Τμήματος, 
του προϋπολογισμού των προγραμμάτων."	RespA
1284	15.0	ιθ) Η σύνταξη των αποπληρωμών όλων των προγραμμάτων.	RespA
1285	15.0	"κ) Η σύνταξη, σε συνεργασία με τις λοιπές υπηρεσίες του Τμήματος, του ετήσιου προϋπολογισμού του 
Τμήματος."	RespA
1286	15.0	κα) Η παρακολούθηση της απορρόφησης του προϋπολογισμού των προγραμμάτων.	RespA
1287	15.0	"κβ) Η σύνταξη και υποβολή πλήρους οικονομικού φακέλου των προγραμμάτων στη Διεύθυνση Οικονομικού 
και άλλους αρμόδιους φορείς."	RespA
1288	15.0	κγ) Η ευθύνη για την προμήθεια, συντήρηση και διαφύλαξη του υλικοτεχνικού εξοπλισμού, που είναι απαραίτητος για την εύρυθμη λειτουργία του Τμήματος.	RespA
1289	15.0	κδ) Η μέριμνα για τη συντήρηση της κτιριακής υποδομής του Τμήματος.	RespA
1290	15.0	"κε) Η αποστολή στα αρμόδια Υπουργεία και Φορείς 
των απαραίτητων δελτίων παρακολούθησης προγραμμάτων και των διαφόρων άλλων πληροφοριακών στοιχείων."	RespA
1291	15.0	"4. Τα παραπάνω Παραρτήματα με στοιχεία α, β, και γ 
είναι υπεύθυνα για την εφαρμογή των προγραμμάτων 
που τους ανατίθενται κάθε φορά με απόφαση του Δ.Σ."	Org
1292	15.0	του Ι.Κ.Π.Α. και οι επιμέρους αρμοδιότητες του κάθε Παραρτήματος ορίζονται ως εξής:	Irrelevant
1293	15.0	"α) Ο σχεδιασμός των προγραμμάτων κατάρτισης, η 
σύνταξη των αντίστοιχων προϋπολογισμών και η υποβολή τους στο Τμήμα."	RespA
1294	15.0	"β) Η κατάρτιση και η υποβολή στο Τμήμα, του ετήσιου προγραμματισμού δράσης, που αφορά τα προγράμματα κατάρτισης και τις συναφείς δραστηριότητες του 
παραρτήματος."	RespA
1295	15.0	"γ) Η διερεύνηση των αναγκών της τοπικής αγοράς 
εργασίας, καθώς και των τοπικών αναγκών κατάρτισης των ανέργων και των εργαζομένων στον προνοιακό χώρο."	RespA
1296	15.0	"δ) Η αναζήτηση μέσα από τις σχετικές προκηρύξεις 
των αρμόδιων αρχών, των εκπαιδευτικών ή συναφών 
προγραμμάτων, στα οποία θα μπορούσε να συμμετέχει το Παράρτημα και η υποβολή σχετικών προτάσεων στο Τμήμα."	RespA
1297	15.0	"ε) Η συνεργασία με άλλους πιστοποιημένους φορείς 
κατάρτισης για την υλοποίηση προγραμμάτων και η 
υποβολή σχετικών προτάσεων στο Τμήμα."	RespA
1298	15.0	"στ) Η ευθύνη για την παρακολούθηση της υλοποίησης των προγραμμάτων επαγγελματικής κατάρτισης 
που εφαρμόζει το Παράρτημα και της τήρησης όλων 
των απαραίτητων εντύπων και στοιχείων."	RespA
1299	15.0	"ζ) Η ευθύνη για την τήρηση βιβλιοθήκης με βιβλία, 
έντυπο υλικό, βιντεοταινίες, CD – ROM κλπ. σχετικά με 
το έργο του Παραρτήματος."	RespA
1300	15.0	η) Η συνεργασία με επιχειρήσεις του δημόσιου και ιδιωτικού τομέα για την πρακτική άσκηση των καταρτιζομένων του Παραρτήματος.	RespA
1301	15.0	θ) Η σύνταξη του ετήσιου απολογισμού έργου του Παραρτήματος και η υποβολή του στο Τμήμα.	RespA
1302	15.0	"ι) Η τήρηση των απαραίτητων στατιστικών και άλλων 
στοιχείων και η αποστολή τους στο Τμήμα."	RespA
1303	15.0	ια) Η διαχειριστική παρακολούθηση των προγραμμάτων, σύμφωνα με όσα ορίζει το σχετικό σύστημα διαχείρισης.	RespA
1304	15.0	ιβ) Η διοικητική παρακολούθηση όλων των δραστηριοτήτων του Παραρτήματος.	RespA
1305	15.0	"ιγ) Η σύνταξη των δικαιολογητικών των αποπληρωμών των προγραμμάτων που υλοποιεί το Παράρτημα 
και η υποβολή τους στο Τμήμα."	RespA
1306	15.0	ιδ) Η σύνταξη του ετήσιου προϋπολογισμού του Παραρτήματος και η υποβολή του στο Τμήμα.	RespA
1307	15.0	ιε) Η παρακολούθηση της απορρόφησης του προϋπολογισμού των προγραμμάτων που εφαρμόζει το Παράρτημα.	RespA
1308	15.0	στ) Η ευθύνη για την προμήθεια, συντήρηση και διαφύλαξη του υλικοτεχνικού εξοπλισμού του Παραρτήματος.	RespA
1309	15.0	ιζ) Η μέριμνα για τη συντήρηση της κτιριακής υποδομής του Παραρτήματος.	RespA
1310	16.0	"Νομική Υπηρεσία
Η Νομική Υπηρεσία υπάγεται απευθείας στον Πρόεδρο του Ι.Κ.Π.Α και είναι αρμόδια για:"	RespA
1311	16.0	α) την παράσταση, για λογαριασμό του Ι.Κ.Π.Α., ενώπιον κάθε δικαστικής και διοικητικής αρχής.	Irrelevant
1312	16.0	"β) την παροχή γνωμοδοτήσεων επί θεμάτων που παραπέμπονται σε αυτή από το Δ.Σ., τον Πρόεδρο και τις 
Διευθύνσεις του Ι.Κ.Π.Α. γ) τη νομική κάλυψη υποθέσεων που αφορούν το Ι.Κ.Π.Α., και παραπέμπονται σε αυτή 
από το Δ.Σ. ή τον Πρόεδρο αυτού."	Irrelevant
1313	17.0	"Θέσεις Προσωπικού
Οι ως άνω θέσεις έχουν συσταθεί με την υπ’ αριθμ."	Irrelevant
1314	17.0	"Π1β/71848/4.10.2005 (ΦΕΚ 1408 τ.Β’) κοινή απόφαση των 
Υπουργών Εσωτερικών, Δημόσιας Διοίκησης και Αποκέντρωσης, Οικονομίας και Οικονομικών και Υγείας και 
Κοινωνικής Αλληλεγγύης και με τις υπ’ αριθμ. 9 και 
10/3.9.2003 αποφάσεις του Προέδρου του Εθνικού Συμβουλίου Κοινωνικής Φροντίδας (ΦΕΚ 218 τ. Ν.Π.Δ.Δ.) 
γ) Προσωπικό με σχέση έμμισθης εντολής."	Irrelevant
1315	17.0	"Μια θέση Δικηγόρου παρ’ Αρείω Πάγω, με πάγια αντιμισθία που συνιστάται κατά τις διατάξεις της παρ. 5 
του άρθρου 38 του ν. 3370/2005."	Irrelevant
1316	17.0	"δ) Προσωπικό σε προσωποπαγείς θέσεις
Ι. Με σχέση εργασίας δημοσίου δικαίου 
α) ΚΛΑΔΟΣ ΠΕ Διοικητικού−Οικονομικού, θέσεις 3 
β) ΚΛΑΔΟΣ ΠΕ Κοινωνικής Διοίκησης, με κατεύθυνση 
Κοινωνικής Εργασίας, θέση 1 
γ) ΚΛΑΔΟΣ ΠΕ Πληροφορικής, θέση 1 
δ) ΚΛΑΔΟΣ ΤΕ Κοινωνικής Εργασίας, θέσεις 2 
ε) ΚΛΑΔΟΣ ΤΕ Διοικητικού−Λογιστικού θέση 1
"	Positions
1317	17.0	"στ) KΛΑΔΟΣ ΔΕ Διοικητικών−Γραμματέων, θέσεις 10 
ζ) ΚΛΑΔΟΣ ΔΕ Οδηγών, θέσεις 2
η) ΚΛΑΔΟΣ ΔΕ Πληροφορικής, θέσεις 3
θ) ΚΛΑΔΟΣ ΥΕ Καθαριότητας, θέση 1
ΙΙ. Με σχέση εργασίας Ιδιωτικού Δικαίου: ΚΛΑΔΟΣ ΥΕ 
Φυλάκων –Νυκτοφυλάκων, θέσεις 2
ΙΙΙ.Με σχέση έμμισθης εντολής
Δικηγόρος με πάγια αντιμισθία, θέση 1."	Positions
1318	17.0	"Οι ως άνω προσωποπαγείς θέσεις έχουν συσταθεί με 
την υπ’ αριθμ. Π4/ΓΠ οικ. 65660/8.7.2003 απόφαση του 
Υπουργού Υγείας και Κοινωνικής Αλληλεγγύης που εκδόθηκε σύμφωνα με τις διατάξεις του αρθρ. 8 παρ. 10 
του ν. 3106/2003 (ΦΕΚ 214/τ. Ν.Π.Δ.Δ.) και την υπ’ αριθμ."	Irrelevant
1319	17.0	"11.9.2003( ΦΕΚ 229/τ. Ν.Π.Δ.Δ.) απόφαση του Προέδρου 
του Εθνικού Συμβουλίου Κοινωνικής Φροντίδας που εκδόθηκε σύμφωνα με τις διατάξεις του ν. 3106/2003."	Org
1320	18.0	"Οι θέσεις προσωπικού του Ι.Κ.Π.Α. διακρίνονται ως 
Διάκριση θέσεων μονίμου προσωπικού
εξής:"	Org
1321	18.0	α) Mόνιμο προσωπικό:	Irrelevant
1322	18.0	"αα) Εκατόν είκοσι (120) θέσεις μονίμου προσωπικού που 
έχουν συσταθεί με την υπ’ αριθμ. Π4/ΓΠ 82739/29.8.2003 
(ΦΕΚ 219/τ. Ν. Π.Δ.Δ.) απόφαση του Υπουργού Υγείας 
και Κοινωνικής Αλληλεγγύης, κατ’ εξουσιοδότηση του 
άρθρου 7 παρ.8 του ν. 3106/2003."	Irrelevant
1323	18.0	"ββ) Είκοσι εννέα (29) θέσεις μόνιμου προσωπικού, που 
συνιστώνται με το παρόν κατ΄ εξουσιοδότηση των διατάξεων της παρ.5 του άρθρου 38 του ν. 3370/2005."	Irrelevant
1324	18.0	"β) Θέσεις με σχέση εργασίας ιδιωτικού δικαίου αορίστου χρόνου 
Διοικητικών−Γραμματέων 
Τεχνικός 
(Ειδικότητα «Υπεύθυνη κλιμακίου Οικοτεχνικής ΔραΔΕ 2 θέσεις
ΔΕ 2 θέσεις
στηριότητας») 
Εργατών 
Τεχνικός 
(Ειδικότητα «Υπεύθυνη Σχολής Ταπητουργίας») 
Καθαρίστρια 
ΥΕ 3 θέσεις 
ΥΕ 5 θέσεις 
ΥΕ 1 θέση 
Οι θέσεις του μονίμου προσωπικού του Ι.Κ.Π.Α. διακρίνονται κατά κατηγορίες, κλάδους και ειδικότητες, 
ως εξής:"	Positions
1325	18.0	"α) Κατηγορία Πανεπιστημιακής Εκπαίδευσης (ΠΕ) 
"	Positions
1326	18.0	"αα) Κλάδος Διοικητικού Οικονομικού, θέσεις 7 
"	Positions
1327	18.0	"ββ) Κλάδος Πληροφορικής, θέσεις 2 
"	Positions
1328	18.0	"γγ) Κλάδος Εκπαιδευτικών – Παιδαγωγών, θέσεις 2 
"	Positions
1329	18.0	"δδ) Κλάδος Ψυχολόγων, θέσεις 2
"	Positions
1330	18.0	"εε) Κλάδος Κοινωνιολόγων, θέσεις 7
στ"	Positions
1331	18.0	"στ) Κλάδος Κοινωνικής Διοίκησης (με κατεύθυνση 
στην Κοινωνική Εργασία), θέσεις 3 
"	Positions
1332	18.0	"ζζ) Κλάδος Στατιστικής, θέση 1
"	Positions
1333	18.0	"ηη) Κλάδος Κοινωνικής Διοίκησης (με κατεύθυνση 
στην Κοινωνική Πολιτική και Διοίκη"	Positions
1334	18.0	"ση), θέσεις 5 
"	Positions
1335	18.0	"θθ) Κλάδος Ιατρών, θέσεις 2 
Συνολικός αριθμός θέσεων ΠΕ: 31
β) Κατηγορία Τεχνολογικής Εκπαίδευσης (ΤΕ) 
"	Positions
1336	18.0	"αα) Κλάδος ΔιοικητικούΟικονομικού, θέσεις 2
"	Positions
1337	18.0	"ββ) Κλάδος Κοινωνικής Εργασίας, θέσεις 3
"	Positions
1338	18.0	"γγ) Κλάδος Πληροφορικής, θέσεις 3
"	Positions
1339	18.0	δδ) Κλάδος Διοίκησης Μονάδων Υγείας και Πρόνοι	Positions
1340	18.0	"γγ) Κλάδος Τεχνικός (ειδικότητα Δασκάλας Ταπηας, θέσεις 2
"	Positions
1341	18.0	"εε) Κλάδος Μηχανικών (ειδικότητα Ηλεκτρονικός Μηχανικός) θέση 1
τουργί"	Positions
1342	18.0	"ας), θέσεις 12
"	Positions
1343	18.0	"δδ) Κλάδος Τεχνικός (ειδικότητα Ξυλουργού), θέση 1
"	Positions
1344	18.0	εε) Κλάδος Τεχνικός (ειδικότητα Εφόρου Ταπητουρστ	Positions
1345	18.0	στ) Κλάδος Μηχανικών (ειδικότητα Γραφικών Τεγί	Positions
1346	18.0	"ας), θέση 1 
χνών και Καλλιτεχνικών Σπουδών), θέση 1
Συνολικός αριθμός θέσεων ΤΕ: 12
γ) Κατηγορία Δευτεροβάθμιας Εκπαίδευσης (ΔΕ) 
"	Positions
1347	18.0	"αα) Κλάδος Διοικητικών – Γραμματέων, θέσεις 41
"	Positions
1348	18.0	"ββ) Κλάδος Οδηγών, θέσεις 2
"	Positions
1349	18.0	γγ) Κλάδος Τεχνικός (ειδικότητα ΣχεδιαστώνΕφόρων Οικοτεχνί	Positions
1350	18.0	"ας) θέσεις 7 
"	Positions
1351	18.0	"δδ) Κλάδος Τεχνικός (ειδικότητα Ράπτριας ) θέση 1 
"	Positions
1352	18.0	"εε) Κλάδος Τεχνικός (ειδικότητα Τεχνικός Ταπισερί) 
θέση 1 
στ"	Positions
1353	18.0	"στ) Κλάδος Τεχνικός (ειδικότητα Διακοσμητικής 
Υφαντού Τοίχ"	Positions
1354	18.0	"ου) θέση 1 
"	Positions
1355	18.0	ζζ) Κλάδος Τεχνικός (ειδικότητα Επιμελήτριας Οικοτεχνί	Positions
1356	18.0	"ας) θέσεις 5 
"	Positions
1357	18.0	ηη) Κλάδος Τεχνικός (ειδικότητα Δασκάλας Κιλιμοποϊας – Ταπητουργί	Positions
1358	18.0	"ας), θέσεις 25 
"	Positions
1359	18.0	θθ) Κλάδος Τεχνικός (ειδικότητα Εφόρου Οικοτεχνί	Positions
1360	18.0	"ας) 
θέσεις 3 Συνολικός αριθμός θέσεων ΔΕ: 86
δ) Κατηγορία Υποχρεωτικής Εκπαίδευσης (ΥΕ) 
"	Positions
1361	18.0	"αα) Κλάδος Εργατών, θέσεις 4 
"	Positions
1362	18.0	ββ) Κλάδος Τεχνικός (ειδικότητα Επισκευάστρια Ταπήτ	Positions
1363	18.0	"ων), θέση 1 
στ"	Positions
1364	18.0	στ) Κλάδος Τεχνικός (ειδικότητα Επιμελήτριας Οικοτεχνί	Positions
1365	18.0	"ας), θέση 1 Συνολικός αριθμός θέσεων ΥΕ: 20 
2. Προσόντα διορισμού για την πλήρωση των ανωτέρω θέσεων ορίζονται τα προβλεπόμενα στις διατάξεις 
του π.δ. 50/2001 (ΦΕΚ 39 τ.Α’), όπως έχει τροποποιηθεί 
και ισχύει κάθε φορά."	Positions
1366	18.0	3. Για τη θέση του δικηγόρου με έμμισθη εντολή απαιτείται άδεια δικηγορίας στον Άρειο Πάγο.	Irrelevant
1367	19.0	"Παράρτημα Σύνθεσης Υπηρεσιακών Μονάδων 
(Π.Σ.Υ.Μ) σε θέσεις προσωπικού του ΙΚΠΑ 
Η κατανομή των θέσεων προσωπικού στις επιμέρους 
οργανικές μονάδες του ΙΚΠΑ απεικονίζεται στο Παράρτημα Σύνθεσης Υπηρεσιακών Μονάδων (Π.Σ.Υ.Μ), 
το οποίο αποτελεί αναπόσπαστο τμήμα του παρόντος 
διατάγματος και μπορεί να τροποποιείται, ιδίως για 
την αντιμετώπιση των αναγκών που προκύπτουν από 
την ανάπτυξη νέων δραστηριοτήτων ή την εκτέλεση 
ειδικών εργασιών των υπηρεσιακών μονάδων, σύμφωνα με τις διατάξεις της παραγράφου 3 του άρθρου 20 
του ν. 2503/1997."	Irrelevant
1368	19.0	"ΥΕ ΤΕΧΝΙΚΟΣ ειδικότητα ΕΠΙΜΕΛΗΤΡΙΑΣ ΟΙΚΟΤΕΧΝΙΑΣ
ΥΕ ΤΕΧΝΙΚΟΣ ειδιικότητα ΕΦΟΡΟΥ ΤΑΠΗΤΟΥΡΓΙΑΣ
ΥΕ ΤΕΧΝΙΚΟΣ ειδικότητα ΞΥΛΟΥΡΓΟΥ
ΥΕ ΤΕΧΝΙΚΟΣ ειδικότητα ΔΑΣΚΑΛΑΣ ΤΑΠΗΤΟΥΡΓΙΑΣ
ΥΕ ΤΕΧΝΙΚΟΣ ειδικότητα ΕΠΙΣΚΕΥΑΣΤΡΙΑΣ ΤΑΠΗΤΩΝ
ΥΕ ΕΡΓΑΤΩΝ
ΔΕ ΤΕΧΝΙΚΟΣ ειδικότητα ΕΦΟΡΟΥ ΟΙΚΟΤΕΧΝΙΑΣ
ΔΕ ΤΕΧΝΙΚΟΣ ειδικότητα ΔΑΣΚΑΛΑΣ ΚΙΛΙΜ.−ΤΑΠΗΤΟΥΡΓΙΑΣ
ΔΕ ΤΕΧΝ ΙΚΟΣ ειδικότητα ΕΠΙΜΕΛΗΤΡΙΑΣ ΟΙΚΟΤΕΧΝΙΑΣ
ΔΕ ΤΕΧΝΙΚΟΣ ειδικότητα ΔΙΑΚΟΣΜΗΤΙΚΗΣ ΥΦΑΝΤΟΥ ΤΟΙΧΟΥ
ΔΕ ΤΕΧΝΙΚΟΣ ειδικότητα ΤΕΧΝΙΚΟΥ ΤΑΠΙΣΣΕΡΙ
ΔΕ ΤΕΧΝΙΚΟΣ ειδικότητα ΡΑΠΤΡΙΑΣ
ΔΕ ΤΕΧΝΙΚΟΣ ειδικότητα ΣΧΕΔΙΑΣΤΩΝ ΕΦΟΡΩΝ ΟΙΚΟΤΕΧΝΙΑΣ 
ΔΕ ΟΔΗΓΩΝ
ΔΕ ΔΙΟΙΚΗΤΙΚΩΝ ΓΡΑΜΜΑΤΕΩΝ
2
1
ΤΕ ΔΙΟΙΚΗΣΗΣ ΜΟΝΑΔΩΝ ΥΓΕΙΑΣ & ΠΡΟΝΟΙΑΣ
1
ΤΕ ΠΛΗΡΟΦΟΡΙΚΗΣ
ΤΕ ΜΗΧΑΝΙΚΩΝ ειδικότητα ΓΡΑΦ.ΤΕΧ.& ΚΑΛΛΙΤ.ΣΠΟΥΔΩΝ
ΤΕ ΜΗΧΑΝΙΚΩΝ ειδικότητα ΗΛΕΤΡΟΝΙΚΟΣ ΜΗΧΑΝΙΚΟΣ
ΤΕ ΚΟΙΝΩΝΙΚΗΣ ΕΡΓΑΣΙΑΣ
ΤΕ ΔΙΟΙΚΗΤΙΚΟΥ– ΟΙΚΟΝΟΜΙΚΟΥ
ΔΙΚΗΓΟΡΟΣ ΠΑΡ’ ΑΡΕΙΩ ΠΑΓΩ
ΠΕ ΣΤΑΤΙΣΤΙΚΗΣ
ΠΕ ΚΟΙΝΩΝΙΚΗΣ ΔΙΟΙΚΗΣΗΣ με κατεύθυνση ΚΟΙΝ.ΠΟΛ.& ΔΙΟΙΚΗΣΗ
1
1
2
ΠΕ ΙΑΤΡΩΝ
1
1
1
ΠΕ ΕΚΠΑΙΔΕΥΤΙΚΩΝ −ΠΑΙΔΑΓΩΓΩΝ
ΠΕ ΠΛΗΡΟΦΟΡΙΚΗΣ
ΠΕ ΚΟΙΝΩΝΙΚΗΣ ΔΙΟΙΚΗΣΗΣ με κατεύθυνση ΚΟΙΝΩΝΙΚΗ ΕΡΓΑΣΙΑ
1
1
ΠΕ ΔΙΟΙΚΗΤΙΚΟΥ −ΟΙΚΟΝΟΜΙΚΟΥ
ΠΕ ΚΟΙΝΩΝΙΟΛΟΓΩΝ
ΠΕ ΨΥΧΟΛΟΓΩΝ
2
3
Ι
Σ
Η
Κ
Ν
Ω
Ν
Ο
Κ
Ν
Ω
Γ
Ι
Ο
Μ
Ρ
Α
Φ
Ε
Η
Σ
Ν
Δ
/
Σ
Η
Υ
Γ
Γ
Ε
Λ
Η
Λ
Λ
Α
Ι
&
Σ
Η
Σ
Η
Ο
Π
Ο
Τ
Σ
Π
Ι
Ν
Ω
Ε
Ρ
Ο
Φ
Τ
Σ
Ο
Π
Υ
."	Irrelevant
1369	19.0	"ΥΕ ΤΕΧΝΙΚΟΣ ειδικότητα ΕΠΙΜΕΛΗΤΡΙΑΣ ΟΙΚΟΤΕΧΝΙΑΣ
ΥΕ ΤΕΧΝΙΚΟΣ ειδιικότητα ΕΦΟΡΟΥ ΤΑΠΗΤΟΥΡΓΙΑΣ
ΥΕ ΤΕΧΝΙΚΟΣ ειδικότητα ΞΥΛΟΥΡΓΟΥ
ΥΕ ΤΕΧΝΙΚΟΣ ειδικότητα ΔΑΣΚΑΛΑΣ ΤΑΠΗΤΟΥΡΓΙΑΣ
ΥΕ ΤΕΧΝΙΚΟΣ ειδικότητα ΕΠΙΣΚΕΥΑΣΤΡΙΑΣ ΤΑΠΗΤΩΝ
ΥΕ ΕΡΓΑΤΩΝ
ΔΕ ΤΕΧΝΙΚΟΣ ειδικότητα ΕΦΟΡΟΥ ΟΙΚΟΤΕΧΝΙΑΣ
ΔΕ ΤΕΧΝΙΚΟΣ ειδικότητα ΔΑΣΚΑΛΑΣ ΚΙΛΙΜ.−ΤΑΠΗΤΟΥΡΓΙΑΣ
ΔΕ ΤΕΧΝ ΙΚΟΣ ειδικότητα ΕΠΙΜΕΛΗΤΡΙΑΣ ΟΙΚΟΤΕΧΝΙΑΣ
ΔΕ ΤΕΧΝΙΚΟΣ ειδικότητα ΔΙΑΚΟΣΜΗΤΙΚΗΣ ΥΦΑΝΤΟΥ ΤΟΙΧΟΥ
ΔΕ ΤΕΧΝΙΚΟΣ ειδικότητα ΤΕΧΝΙΚΟΥ ΤΑΠΙΣΣΕΡΙ
ΔΕ ΤΕΧΝΙΚΟΣ ειδικότητα ΡΑΠΤΡΙΑΣ
ΔΕ ΤΕΧΝΙΚΟΣ ειδικότητα ΣΧΕΔΙΑΣΤΩΝ ΕΦΟΡΩΝ ΟΙΚΟΤΕΧΝΙΑΣ 
ΔΕ ΟΔΗΓΩΝ
1
1
1
2
1
5
2
5
1
3
4
3
1
1
1
1
ΔΕ ΔΙΟΙΚΗΤΙΚΩΝ ΓΡΑΜΜΑΤΕΩΝ
1
2
2
4
4
ΤΕ ΔΙΟΙΚΗΣΗΣ ΜΟΝΑΔΩΝ ΥΓΕΙΑΣ & ΠΡΟΝΟΙΑΣ
1
ΤΕ ΠΛΗΡΟΦΟΡΙΚΗΣ
ΤΕ ΜΗΧΑΝΙΚΩΝ ειδικότητα ΓΡΑΦ.ΤΕΧ.& ΚΑΛΛΙΤ.ΣΠΟΥΔΩΝ
1
ΤΕ ΜΗΧΑΝΙΚΩΝ ειδικότητα ΗΛΕΤΡΟΝΙΚΟΣ ΜΗΧΑΝΙΚΟΣ
ΤΕ ΚΟΙΝΩΝΙΚΗΣ ΕΡΓΑΣΙΑΣ
ΤΕ ΔΙΟΙΚΗΤΙΚΟΥ– ΟΙΚΟΝΟΜΙΚΟΥ
ΔΙΚΗΓΟΡΟΣ ΠΑΡ’ ΑΡΕΙΩ ΠΑΓΩ
ΠΕ ΣΤΑΤΙΣΤΙΚΗΣ
ΠΕ ΚΟΙΝΩΝΙΚΗΣ ΔΙΟΙΚΗΣΗΣ με κατεύθυνση ΚΟΙΝ.ΠΟΛ.& ΔΙΟΙΚΗΣΗ
ΠΕ ΙΑΤΡΩΝ
ΠΕ ΕΚΠΑΙΔΕΥΤΙΚΩΝ −ΠΑΙΔΑΓΩΓΩΝ
ΠΕ ΠΛΗΡΟΦΟΡΙΚΗΣ
ΠΕ ΚΟΙΝΩΝΙΚΗΣ ΔΙΟΙΚΗΣΗΣ με κατεύθυνση ΚΟΙΝΩΝΙΚΗ ΕΡΓΑΣΙΑ
ΠΕ ΔΙΟΙΚΗΤΙΚΟΥ −ΟΙΚΟΝΟΜΙΚΟΥ
ΠΕ ΚΟΙΝΩΝΙΟΛΟΓΩΝ
ΠΕ ΨΥΧΟΛΟΓΩΝ
1
1
1
Ι
Α
Δ
Ε
Χ
Σ
Α
Μ
Η
Μ
Τ
Μ
Α
Ρ
Γ
Ο
Ρ
Π
Υ
Ο
Μ
Σ
Ν
Ω
Τ
Α
Μ
2
Ι
Ο
Ν
Ο
Ρ
Π
Η
Τ
Ρ
Α
Χ
Η
Μ
Κ
Ε
Τ
Α
Μ
Η
Μ
Τ
Ι
Α
Κ
Σ
Η
Σ
Ω
Ρ
Ι
1
1
1
Η
Τ
Σ
Α
Ρ
Δ
Ν
Ω
Κ
Ν
Χ
Ι
Ι
Ε
Τ
Ο
Κ
Ο
Η
Σ
Ν
Δ
/
Ι
Α
Π
Κ
Ε
Α
Μ
Η
Μ
Τ
Ν
Ω
Τ
Η
Τ
Ο
Ρ
Ι
Ι
Α
Μ
Λ
Κ
Σ
Ε
Λ
Ο
Χ
Σ
(
Σ
Η
Σ
Υ
Ε
Δ
Σ
Α
Α
Ρ
Α
Π
Α
Μ
Η
Μ
Τ
Σ
Η
Γ
Ω
Γ
Ω
Ο
Ρ
Π
Α
Μ
Η
Μ
Τ
&
Ν
Ω
Ε
Σ
Η
Λ
Ω
Π
Ν
Ω
Ε
Σ
Ε
Θ
Κ
Ε
Σ
Η
Σ
Η
Θ
Ι
Ι
Η
Κ
Ο
Δ
Η
Σ
Ν
Δ
/
Υ
Ο
Κ
Τ
Ι
)
Α
Κ
Ι
ΦΕΚ1361
ΣΥΝΟΛΑ
5
4
4
5
4
9
ΥΕ ΤΕΧΝΙΚΟΣ ειδικότητα ΕΠΙΜΕΛΗΤΡΙΑΣ ΟΙΚΟΤΕΧΝΙΑΣ
ΥΕ ΤΕΧΝΙΚΟΣ ειδιικότητα ΕΦΟΡΟΥ ΤΑΠΗΤΟΥΡΓΙΑΣ
ΥΕ ΤΕΧΝΙΚΟΣ ειδικότητα ΞΥΛΟΥΡΓΟΥ
ΥΕ ΤΕΧΝΙΚΟΣ ειδικότητα ΔΑΣΚΑΛΑΣ ΤΑΠΗΤΟΥΡΓΙΑΣ
ΥΕ ΤΕΧΝΙΚΟΣ ειδικότητα ΕΠΙΣΚΕΥΑΣΤΡΙΑΣ ΤΑΠΗΤΩΝ
ΥΕ ΕΡΓΑΤΩΝ
ΔΕ ΤΕΧΝΙΚΟΣ ειδικότητα ΕΦΟΡΟΥ ΟΙΚΟΤΕΧΝΙΑΣ
ΔΕ ΤΕΧΝΙΚΟΣ ειδικότητα ΔΑΣΚΑΛΑΣ ΚΙΛΙΜ.−ΤΑΠΗΤΟΥΡΓΙΑΣ
ΔΕ ΤΕΧΝ ΙΚΟΣ ειδικότητα ΕΠΙΜΕΛΗΤΡΙΑΣ ΟΙΚΟΤΕΧΝΙΑΣ
ΔΕ ΤΕΧΝΙΚΟΣ ειδικότητα ΔΙΑΚΟΣΜΗΤΙΚΗΣ ΥΦΑΝΤΟΥ ΤΟΙΧΟΥ
ΔΕ ΤΕΧΝΙΚΟΣ ειδικότητα ΤΕΧΝΙΚΟΥ ΤΑΠΙΣΣΕΡΙ
ΔΕ ΤΕΧΝΙΚΟΣ ειδικότητα ΡΑΠΤΡΙΑΣ
ΔΕ ΤΕΧΝΙΚΟΣ ειδικότητα ΣΧΕΔΙΑΣΤΩΝ ΕΦΟΡΩΝ ΟΙΚΟΤΕΧΝΙΑΣ 
ΔΕ ΟΔΗΓΩΝ
4
1
ΔΕ ΔΙΟΙΚΗΤΙΚΩΝ ΓΡΑΜΜΑΤΕΩΝ
3
3
3
3
3
3
ΤΕ ΔΙΟΙΚΗΣΗΣ ΜΟΝΑΔΩΝ ΥΓΕΙΑΣ & ΠΡΟΝΟΙΑΣ
ΤΕ ΠΛΗΡΟΦΟΡΙΚΗΣ
ΤΕ ΜΗΧΑΝΙΚΩΝ ειδικότητα ΓΡΑΦ.ΤΕΧ.& ΚΑΛΛΙΤ.ΣΠΟΥΔΩΝ
ΤΕ ΜΗΧΑΝΙΚΩΝ ειδικότητα ΗΛΕΤΡΟΝΙΚΟΣ ΜΗΧΑΝΙΚΟΣ
1
ΤΕ ΚΟΙΝΩΝΙΚΗΣ ΕΡΓΑΣΙΑΣ
ΤΕ ΔΙΟΙΚΗΤΙΚΟΥ– ΟΙΚΟΝΟΜΙΚΟΥ
ΔΙΚΗΓΟΡΟΣ ΠΑΡ’ ΑΡΕΙΩ ΠΑΓΩ
ΠΕ ΣΤΑΤΙΣΤΙΚΗΣ
ΠΕ ΚΟΙΝΩΝΙΚΗΣ ΔΙΟΙΚΗΣΗΣ με κατεύθυνση ΚΟΙΝ.ΠΟΛ.& ΔΙΟΙΚΗΣΗ
ΠΕ ΙΑΤΡΩΝ
ΠΕ ΕΚΠΑΙΔΕΥΤΙΚΩΝ −ΠΑΙΔΑΓΩΓΩΝ
ΠΕ ΠΛΗΡΟΦΟΡΙΚΗΣ
1
1
ΠΕ ΚΟΙΝΩΝΙΚΗΣ ΔΙΟΙΚΗΣΗΣ με κατεύθυνση ΚΟΙΝΩΝΙΚΗ ΕΡΓΑΣΙΑ
ΠΕ ΔΙΟΙΚΗΤΙΚΟΥ −ΟΙΚΟΝΟΜΙΚΟΥ
2
1
2
ΠΕ ΚΟΙΝΩΝΙΟΛΟΓΩΝ
ΠΕ ΨΥΧΟΛΟΓΩΝ
Ω
Ν
Α
Γ
Ρ
Ο
Α
Μ
Η
Μ
Τ
Ι
Ι
Ν
Ω
Ν
Ο
Κ
Π
Ε
Σ
Η
Σ
Ι
Ι
Ν
Ω
Σ
Ο
Μ
Η
Δ
&
Σ
Α
Ω
Σ
Ο
Ρ
Π
Α
Μ
Η
Μ
Τ
Ν
Ω
Ε
Σ
Ε
Χ
Σ
."	Irrelevant
1370	19.0	"ΥΕ ΤΕΧΝΙΚΟΣ ειδικότητα ΕΠΙΜΕΛΗΤΡΙΑΣ ΟΙΚΟΤΕΧΝΙΑΣ
ΥΕ ΤΕΧΝΙΚΟΣ ειδιικότητα ΕΦΟΡΟΥ ΤΑΠΗΤΟΥΡΓΙΑΣ
ΥΕ ΤΕΧΝΙΚΟΣ ειδικότητα ΞΥΛΟΥΡΓΟΥ
ΥΕ ΤΕΧΝΙΚΟΣ ειδικότητα ΔΑΣΚΑΛΑΣ ΤΑΠΗΤΟΥΡΓΙΑΣ
ΥΕ ΤΕΧΝΙΚΟΣ ειδικότητα ΕΠΙΣΚΕΥΑΣΤΡΙΑΣ ΤΑΠΗΤΩΝ
ΥΕ ΕΡΓΑΤΩΝ
ΔΕ ΤΕΧΝΙΚΟΣ ειδικότητα ΕΦΟΡΟΥ ΟΙΚΟΤΕΧΝΙΑΣ
ΔΕ ΤΕΧΝΙΚΟΣ ειδικότητα ΔΑΣΚΑΛΑΣ ΚΙΛΙΜ.−ΤΑΠΗΤΟΥΡΓΙΑΣ
ΔΕ ΤΕΧΝ ΙΚΟΣ ειδικότητα ΕΠΙΜΕΛΗΤΡΙΑΣ ΟΙΚΟΤΕΧΝΙΑΣ
ΔΕ ΤΕΧΝΙΚΟΣ ειδικότητα ΔΙΑΚΟΣΜΗΤΙΚΗΣ ΥΦΑΝΤΟΥ ΤΟΙΧΟΥ
ΔΕ ΤΕΧΝΙΚΟΣ ειδικότητα ΤΕΧΝΙΚΟΥ ΤΑΠΙΣΣΕΡΙ
ΔΕ ΤΕΧΝΙΚΟΣ ειδικότητα ΡΑΠΤΡΙΑΣ
ΔΕ ΤΕΧΝΙΚΟΣ ειδικότητα ΣΧΕΔΙΑΣΤΩΝ ΕΦΟΡΩΝ ΟΙΚΟΤΕΧΝΙΑΣ 
ΔΕ ΟΔΗΓΩΝ
ΔΕ ΔΙΟΙΚΗΤΙΚΩΝ ΓΡΑΜΜΑΤΕΩΝ
3
1
3
ΤΕ ΔΙΟΙΚΗΣΗΣ ΜΟΝΑΔΩΝ ΥΓΕΙΑΣ & ΠΡΟΝΟΙΑΣ
ΤΕ ΠΛΗΡΟΦΟΡΙΚΗΣ
3
ΤΕ ΜΗΧΑΝΙΚΩΝ ειδικότητα ΓΡΑΦ.ΤΕΧ.& ΚΑΛΛΙΤ.ΣΠΟΥΔΩΝ
ΤΕ ΜΗΧΑΝΙΚΩΝ ειδικότητα ΗΛΕΤΡΟΝΙΚΟΣ ΜΗΧΑΝΙΚΟΣ
ΤΕ ΚΟΙΝΩΝΙΚΗΣ ΕΡΓΑΣΙΑΣ
ΤΕ ΔΙΟΙΚΗΤΙΚΟΥ– ΟΙΚΟΝΟΜΙΚΟΥ
ΔΙΚΗΓΟΡΟΣ ΠΑΡ’ ΑΡΕΙΩ ΠΑΓΩ
ΠΕ ΣΤΑΤΙΣΤΙΚΗΣ
ΠΕ ΚΟΙΝΩΝΙΚΗΣ ΔΙΟΙΚΗΣΗΣ με κατεύθυνση ΚΟΙΝ.ΠΟΛ.& ΔΙΟΙΚΗΣΗ
ΠΕ ΙΑΤΡΩΝ
ΠΕ ΕΚΠΑΙΔΕΥΤΙΚΩΝ −ΠΑΙΔΑΓΩΓΩΝ
ΠΕ ΠΛΗΡΟΦΟΡΙΚΗΣ
2
ΠΕ ΚΟΙΝΩΝΙΚΗΣ ΔΙΟΙΚΗΣΗΣ με κατεύθυνση ΚΟΙΝΩΝΙΚΗ ΕΡΓΑΣΙΑ
ΠΕ ΔΙΟΙΚΗΤΙΚΟΥ −ΟΙΚΟΝΟΜΙΚΟΥ
ΠΕ ΚΟΙΝΩΝΙΟΛΟΓΩΝ
ΠΕ ΨΥΧΟΛΟΓΩΝ
."	Irrelevant
1371	20.0	"Προϊστάμενοι Υπηρεσιών 
1. Στις Διευθύνσεις του Ι.Κ.Π.Α. προΐστανται υπάλληλοι 
ως εξής:"	Irrelevant
1372	20.0	"α) Στη Διεύθυνση Εφαρμογών Κοινωνικής Αλληλεγγύης προΐσταται υπάλληλος του κλάδου ΠΕ Κοινωνιολόγων ή ΠΕ Κοινωνικής Εργασίας ή ΠΕ Ψυχολόγων ή 
ΠΕ Διοικητικού−Οικονομικού ή ΠΕ ΕκπαιδευτικώνΠαιδαγωγικής ή ΠΕ Κοινωνικής Πολιτικής και Διοίκησης 
ή ΤΕ Κοινωνικής Εργασίας ή ΤΕ Διοίκησης Μονάδων 
Υγείας και Πρόνοιας."	Irrelevant
1373	20.0	"β) Στη Διεύθυνση Έρευνας, Σχεδιασμού, Αξιολόγησης 
και Τεκμηρίωσης, προΐσταται υπάλληλος του κλάδου ΠΕ 
Κοινωνιολόγων ή ΠΕ Κοινωνικής Εργασίας ή ΠΕ Ψυχολόγων ή ΠΕ Εκπαιδευτικών−Παιδαγωγικής ή ΠΕ Κοινωνικής 
Πολιτικής και Διοίκησης ή ΠΕ Διοικητικών−Οικονομικών 
ή ΤΕ Κοινωνικής Εργασίας."	Irrelevant
1374	20.0	"γ) Στη Διεύθυνση Οικοτεχνικών Υπηρεσιών, προΐσταται υπάλληλος οποιουδήποτε κλάδου ΠΕ ή ΤΕ και αν 
δεν υπάρχει, υπάλληλος οποιουδήποτε κλάδου ΔΕ.."	Irrelevant
1375	20.0	"δ) Στη Διεύθυνση Διοικητικού προΐσταται υπάλληλος 
του κλάδου ΠΕ Διοικητικού−Οικονομικού ή ΤΕ Διοικητικού−Λογιστικού ή ΤΕ Διοίκησης Μονάδων Υγείας και 
Πρόνοιας."	Irrelevant
1376	20.0	"ε) Στη Διεύθυνση Οικονομικού προΐσταται υπάλληλος 
του κλάδου ΠΕ Διοικητικού−Οικονομικού ή ΤΕ Διοικητικού−Λογιστικού."	Irrelevant
1377	20.0	"στ) Στη Διεύθυνση Πληροφορικής προΐσταται υπάλληλος του κλάδου ΠΕ Πληροφορικής ή ΤΕ Πληροφορικής 
και αν δεν υπάρχει, υπάλληλος του κλάδου ΔΕ Πληροφορικής, αν δε, δεν υπηρετεί υπάλληλος του κλάδου 
τούτου δύναται να προΐσταται υπάλληλος του κλάδου 
ΠΕ ΔιοικητικούΟικονομικού ή ΠΕ Στατιστικής που έχει 
επιστημονική γνώση ή πείρα των αντικειμένων του κλάδου Πληροφορικής."	Irrelevant
1378	20.0	2. Προϊστάμενοι τμημάτων:	Org
1379	20.0	"α) Στα τμήματα της Διεύθυνσης Εφαρμογών Κοινωνικής Αλληλεγγύης προΐσταται υπάλληλος των κλάδων 
ΠΕ Κοινωνιολόγων ή ΠΕ Κοινωνικής Εργασίας ή ΠΕ 
Ψυχολόγων ή ΠΕ Διοικητικού−Οικονομικού ή ΠΕ Εκπαιδευτικών−Παιδαγωγικής ή ΠΕ Κοινωνικής Πολιτικής και 
Διοίκησης ή ΤΕ Κοινωνικών Λειτουργών ή ΤΕ Διοίκησης 
Μονάδων Υγείας και Πρόνοιας."	RespA
1380	20.0	"β) Στα τμήματα της Διεύθυνσης Έρευνας, Σχεδιασμού, 
Αξιολόγησης και Τεκμηρίωσης, προΐσταται υπάλληλος 
του κλάδου ΠΕ Κοινωνιολόγων ή ΠΕ Κοινωνικής Εργασίας ή ΠΕ Ψυχολόγων ή ΠΕ Εκπαιδευτικών−Παιδαγωγικής 
ή ΠΕ Κοινωνικής Πολιτικής και Διοίκησης ή ΠΕ Διοικητικών−Οικονομικών ή ΤΕ Κοινωνικών Λειτουργών."	RespA
1381	20.0	"γ) Στα τμήματα της Διεύθυνσης Οικοτεχνικών Υπηρεσιών προΐσταται υπάλληλος οποιουδήποτε κλάδου ΠΕ 
ή ΤΕ και εν ελλείψει, υπάλληλος του κλάδου ΔΕ Διοικητικών Γραμματέων ή ΔΕ Τεχνικός."	RespA
1382	20.0	"δ) Στα τμήματα της Διεύθυνσης Διοικητικού προΐσταται υπάλληλος του κλάδου ΠΕ ή ΤΕ και εν ελλείψει 
υπάλληλος του κλάδου ΔΕ ΔιοικητικώνΓραμματέων."	RespA
1383	20.0	"ε) Στα τμήματα της Διεύθυνσης Οικονομικού προΐσταται υπάλληλος του κλάδου ΠΕ ή ΤΕ Διοικητικού – 
Οικονομικού και εν ελλείψει του κλάδου ΔΕ Διοικητικών−Γραμματέων."	RespA
1384	20.0	"στ) Στα τμήματα της Διεύθυνσης Πληροφορικής προΐσταται υπάλληλος του κλάδου ΠΕ Πληροφορικής ή ΤΕ 
Πληροφορικής και εν ελλείψει υπάλληλος του κλάδου 
ΔΕ Πληροφορικής. Εάν δεν υπάρχει υπάλληλος των πιο 
πάνων κλάδων, στα Τμήματα της Διεύθυνσης προΐσταται υπάλληλος του Κλάδου ΠΕ Διοικητικού−Οικονομικού 
ή ΠΕ Στατιστικής που έχει επιστημονική γνώση ή πείρα 
των αντικειμένων του κλάδου πληροφορικής."	RespA
1385	20.0	"ζ) Στο Τμήμα «Κέντρο Επαγγελματικής Κατάρτισης» 
(Κ.Ε.Κ.) προΐσταται υπάλληλος οποιουδήποτε κλάδου 
ΠΕ ή ΤΕ και εν ελλείψει υπάλληλος οποιουδήποτε κλάδου ΔΕ. Επιπροσθέτως, ο προϊστάμενος του Τμήματος 
πρέπει να διαθέτει τα προσόντα που θέτει το εκάστοτε ισχύον σύστημα πιστοποίησης των Κ.Ε.Κ."	RespA
1386	21.0	"Καθήκοντα Προϊσταμένων
Τα καθήκοντα Προϊσταμένων των Υπηρεσιών του 
Ι.Κ.Π.Α. ορίζονται ως εξής:"	RespA
1387	21.0	1. Γενικά καθήκοντα Προϊσταμένων Διευθύνσεων:	Org
1388	21.0	α) Η υλοποίηση της αποστολής της Διεύθυνσης.	RespA
1389	21.0	"β) Η αποδοτική λειτουργία των υπηρεσιών της Διεύθυνσης 
γ) Η κατανομή των διαθέσιμων πόρων και του προσωπικού της Διεύθυνσης στις επιμέρους οργανικές μονάδες, ανάλογα με τις προτεραιότητες και το πρόγραμμα δράσης της Διεύθυνσης."	RespA
1390	21.0	"δ) Η κατανομή της ευθύνης για την επίτευξη των στόχων και την υλοποίηση του προγραμματισμού της Διεύθυνσης στους προϊσταμένους των Τμημάτων που 
υπάγονται σε αυτήν, ανάλογα με το ειδικότερο πεδίο 
αρμοδιότητας του καθενός, για την επίτευξη των στόχων και την υλοποίησή του."	RespA
1391	21.0	"ε) Η παρακολούθηση της απόδοσης των Τμημάτων 
που υπάγονται στη Διεύθυνση και η παρέμβαση με διορθωτικές κινήσεις ή με παροχή υποστήριξης, όπου 
χρειάζεται."	RespA
1392	21.0	"στ) Η επεξεργασία στοιχείων προόδου υλοποίησης 
του προγραμματισμού δράσης που αφορά τη Διεύθυνση και των αντίστοιχων αποτελεσμάτων και αξιολόγηση 
της προόδου υλοποίησης και των αποτελεσμάτων."	RespA
1393	21.0	2. Γενικά καθήκοντα Προϊσταμένων Τμημάτων:	Org
1394	21.0	α) Η υλοποίηση της αποστολής του Τμήματος.	RespA
1395	21.0	β) Η αποδοτική λειτουργία του Τμήματος.	RespA
1396	21.0	"γ) Η συμμετοχή στον προσδιορισμό των στόχων και 
των προτεραιοτήτων της Διεύθυνσης όπου υπάγεται 
το Τμήμα."	RespA
1397	21.0	δ) Η εξειδίκευση των στόχων και του προγραμματισμού της Διεύθυνσης στον τομέα ευθύνης του Τμήματος.	RespA
1398	21.0	"ε) Η κατανομή του διαθέσιμου προσωπικού και των 
μέσων που διαθέτει το Τμήμα, ανάλογα με τις προτεραιότητες που έχουν τεθεί και τον προγραμματισμό 
του Τμήματος."	RespA
1399	21.0	"στ) Η ανάθεση της ευθύνης για την υλοποίηση του 
προγραμματισμού στους αρμόδιους χειριστές."	RespA
1400	21.0	"ζ) Η παρακολούθηση σε συνεχή βάση της απόδοσης 
του τμήματος συνολικά και κάθε υπαλλήλου που ανήκει 
στο τμήμα ατομικά και η παρέμβαση με διορθωτικές κινήσεις και με παροχή υποστήριξης όπου χρειαστεί."	RespA
1401	22.0	"Κατάταξη υπηρετούντων υπαλλήλων
σε κλάδους και ειδικότητες
Το προσωπικό που υπηρετεί σε μόνιμες θέσεις κατατάσσεται κατά κατηγορία, κλάδο και ειδικότητα στις 
αντίστοιχες θέσεις που προβλέπονται στο του παρόντος."	RespA
1402	22.0	"Το προσωπικό που υπηρετεί σε προσωρινές προσωποπαγείς θέσεις κατατάσσεται κατά κατηγορία, κλάδο 
και ειδικότητα στις θέσεις που προβλέπονται στο άρθρο 17 του παρόντος."	RespA
1403	23.0	"Έναρξη ισχύος
Η ισχύς του παρόντος αρχίζει από τη δημοσίευσή του 
στην Εφημερίδα της Κυβερνήσεως."	RespA
